"Vars","H_C_1","N_C_1","S_C_1","H_T_1","N_T_1","S_T_1","NT_C_1","A8","A9","*A10*","A11","**A12**","H_C_2","N_C_2","S_C_2","H_T_2","N_T_2","S_T_2","NT_C_2","B8","**B9**","**B10**","B11","*B12*","H_C_3","N_C_3","S_C_3","H_T_3","N_T_3","S_T_3","NT_C_3","C8","C9","C10","C11","C12","H_C_4","N_C_4","S_C_4","H_T_4","N_T_4","S_T_4","NT_C_4","**D8**","D9","D10","**D11**","D12","H_C_5","N_C_5","S_C_5","H_T_5","N_T_5","S_T_5","E7","*E8*","*E9*","*E10*","**E11**","**E12**","H_C_6","N_C_6","S_C_6","H_T_6","N_T_6","S_T_6","F7","**F8**","F9","*F10*","**F11**","*F12*","H_C_7","N_C_7","S_C_7","H_T_7","N_T_7","S_T_7","G7","G8","G9","G10","G11","G12","H_C_8","N_C_8","S_C_8","H_T_8","N_T_8","S_T_8","H7","H8","H9","H10","**H11**","H12"
"sig.eff","1.245188","1.255633","1.252867","1.248863","1.252205","1.242153","1.0002","1.000032","1",NA,"1.000176","0.9982166","1.264286","1.25597","1.260846","1.250604","1.230969","1.254401","1.167212","1.000075","1.000003","0.8184095","1.000008",NA,"1.256601","1.268294","1.248525","1.257911","1.254291","1.24393","1.174608","1.000001","1.000025","1.000024","1.00005","1","1.261962","1.268692","1.253339","1.248067","1.250245","1.258673","1.207694","1","1.0002","1","0.9985225","0.9998215","1.253524","1.255263","1.25388","1.243524","1.247955","1.234056","1.00039",NA,NA,NA,"0.9999545","0.9985098","1.251315","1.261334","1.244861","1.256422","1.24301","1.238234","1.000467","0.9984644","1.000077",NA,"0.999473",NA,"1.238773","1.250164","1.238323","1.231845","1.236341","1.224069","1.000808","1","0.9999829","1.00005","1","1.000025","1.240648","1.237224","1.247593","1.238361","1.219835","1.230064","1.000598","1.000025","1.000019","1.000045","0.9991486","1.000001"
"sig.resVar","7182.573","6111.616","7589.158","6355.093","5332.283","5516.385","7.443954","2.757987","3.521338",NA,"3.704471","4.67725","9755.41","6286.129","8035.141","5528.035","5022.368","7326.954","171.3686","3.945116","4.196024","5.198109","5.204082",NA,"8984.887","10523.53","7421.313","7495.345","7028.217","3763.373","299.7651","2.881851","5.466081","3.710939","3.685734","3.786868","10398.45","9363.98","7679.866","5127.232","4598.28","6271.313","95.61276","1.816412","4.784458","5.319199","4.640649","3.011461","9159.732","7469.299","7758.642","5154.847","5725.729","2637.231","3.680673",NA,NA,NA,"3.601862","3.336793","2769.639","9470.738","6620.474","6321.689","4577.267","5322.328","4.229186","2.845444","4.800878",NA,"2.747869",NA,"7741.156","5892.886","6868.89","5346.965","7132.45","4118.435","4.788517","3.405224","4.303662","2.435611","3.962301","4.425218","7572.564","7222.582","6959.617","4329.52","3740.278","4783.627","5.07255","3.836868","4.418768","2.542662","5.287089","5.350851"
"sig.AICc","475.62","469.1614","477.8226","470.724","463.7049","465.0626","200.7396","161.0236","170.7972",NA,"172.8251","182.1519","487.8666","470.2875","480.1067","465.147","461.3098","476.4161","326.1962","175.3427","177.809","186.3753","186.4213",NA,"484.5755","490.8983","476.928","477.325","474.7511","449.7664","348.5635","162.7808","188.386","172.8949","172.6223","173.7051","490.42","486.2285","478.2978","462.1364","457.781","470.1932","302.8558","144.318","183.0584","187.2964","181.8377","164.5405","485.3464","477.1858","478.706","462.3512","466.5525","435.5429","172.5673",NA,NA,NA,"171.7016","168.6439","437.5024","486.682","472.3604","470.5132","457.5978","463.6302","178.1239","162.2723","183.1955",NA,"160.8766",NA,"478.6158","467.7036","473.8338","463.8149","475.3399","453.3727","183.0923","169.4559","178.8222","156.0514","175.5165","179.9363","477.735","475.8422","474.3587","455.372","449.5201","459.3617","185.3973","174.2298","179.878","157.772","187.0542","187.5337"
"sig.AIC","474.4772","468.0185","476.6797","469.5811","462.5621","463.9198","199.5967","159.8807","169.6543",NA,"171.6823","181.0091","486.7238","469.1447","478.9639","464.0042","460.1669","475.2733","325.0533","174.1998","176.6662","185.2325","185.2784",NA,"483.4326","489.7554","475.7851","476.1822","473.6082","448.6235","347.4206","161.638","187.2431","171.7521","171.4795","172.5622","489.2771","485.0857","477.155","460.9935","456.6382","469.0503","301.7129","143.1752","181.9156","186.1536","180.6948","163.3977","484.2036","476.0429","477.5632","461.2084","465.4097","434.4001","171.4245",NA,NA,NA,"170.5587","167.5011","436.3596","485.5391","471.2176","469.3703","456.455","462.4873","176.981","161.1294","182.0526",NA,"159.7337",NA,"477.4729","466.5607","472.691","462.672","474.1971","452.2298","181.9495","168.3131","177.6793","154.9086","174.3737","178.7934","476.5921","474.6994","473.2159","454.2291","448.3773","458.2188","184.2544","173.0869","178.7351","156.6291","185.9114","186.3909"
"sig.Rsq","0.9998243","0.9998525","0.9998415","0.9998178","0.9998757","0.9998433","0.9665765","0.3901011","0.2566731",NA,"0.1921582","0.001215762","0.9998351","0.9998841","0.9998363","0.9998591","0.9998718","0.9998324","0.9998804","0.1131623","0.009606391","0.04326537","0.04858284",NA,"0.9998286","0.9998474","0.9998394","0.9998298","0.9998581","0.9998924","0.9996123","0.000853988","0.03197524","0.01676049","0.2245015","0.1341552","0.9998158","0.9998536","0.9998266","0.999875","0.9998873","0.9998705","0.9998671","0.197039","0.05430881","0.205304","0.0003722735","0.0258353","0.9998145","0.9998565","0.9998356","0.9998641","0.9998601","0.9999122","0.991532",NA,NA,NA,"0.01679167","0.00148972","0.9999203","0.9998519","0.9998554","0.9998564","0.9998826","0.9998663","0.9923072","0.1556582","0.6072665",NA,"0.006824237",NA,"0.9998209","0.9998526","0.9998339","0.9998595","0.9998289","0.9998553","0.9863699","0.3286649","0.008615774","0.1033323","4.824322e-05","0.1096548","0.9997815","0.999814","0.9998379","0.9998687","0.9998649","0.9998309","0.9883833","0.1260735","0.1471502","0.05039147","0.03389766","0.03925928"
"sig.Rsq.ad","0.9998097","0.9998402","0.9998283","0.9998026","0.9998653","0.9998302","0.9637912","0.3392761","0.1947291",NA,"0.1248381","-0.08201626","0.9998213","0.9998745","0.9998226","0.9998473","0.9998612","0.9998184","0.9998704","0.0392592","-0.07292641","-0.03646252","-0.03070192",NA,"0.9998143","0.9998347","0.999826","0.9998156","0.9998463","0.9998834","0.99958","-0.08240818","-0.04869349","-0.06517614","0.1598766","0.06200146","0.9998004","0.9998414","0.9998121","0.9998646","0.9998779","0.9998597","0.999856","0.1301256","-0.02449879","0.1390793","-0.08293004","-0.05534509","0.999799","0.9998445","0.9998218","0.9998528","0.9998485","0.9999048","0.9908263",NA,NA,NA,"-0.06514235","-0.08171947","0.9999136","0.9998396","0.9998434","0.9998444","0.9998728","0.9998552","0.9916661","0.08529643","0.5745387",NA,"-0.07594041",NA,"0.999806","0.9998403","0.9998201","0.9998477","0.9998146","0.9998433","0.9852341","0.2727203","-0.07399958","0.02860996","-0.08328107","0.03545936","0.9997633","0.9997985","0.9998244","0.9998578","0.9998536","0.9998168","0.9874152","0.0532463","0.07607939","-0.02874258","-0.04661087","-0.04080244"
"sig.cpD1","28.24","29.76","28.11","30.5","29.9","29.49","1","4.94","2.87",NA,"5.12","40","27.34","28.19","28.93","30.4","29.04","29.08","38.7","17.88","40","40","1",NA,"28.88","28.44","27.96","30.28","29.19","31.16","40","1","19.34","13.62","3.22","1","27.79","27.86","28.79","29.12","30.94","30.38","40","33.24","2.4","3.26","40","1","28.22","28.14","28.55","29.89","30.03","31.79","1",NA,NA,NA,"40","40","33.4","27.41","28.11","29.83","30","28.14","1","40","1",NA,"40",NA,"27.38","29.57","26.31","28.44","28.25","29.75","1.34","5.86","1","2.48","1","27.85","28.6","26.24","26.91","29.51","29.88","29.68","4.64","1","1","18.57","40","1"
"sig.cpD2","26.09","27.66","25.96","28.39","27.71","27.38","40","1","1.71",NA,"4.22","1","25.21","26.04","26.84","28.24","26.79","26.96","36.76","16.55","1","1","40",NA,"26.72","26.32","25.82","28.15","27.02","28.97","37.97","40","16.22","11.89","1","40","25.65","25.73","26.69","26.96","28.75","28.21","38.55","16.7","2.25","1.83","1","15.82","26.08","26","26.42","27.73","27.87","29.59","40",NA,NA,NA,"5.97","1","31.18","25.28","25.94","27.68","27.83","25.98","40","2.03","40",NA,"1",NA,"25.2","27.44","24.17","26.26","26.08","27.58","1","2.45","13.26","1","40","19.15","26.46","24.11","24.78","27.36","27.68","27.57","1","40","40","17.54","1","40"
"sig.cpE",NA,NA,NA,NA,NA,NA,NA,NA,NA,NA,NA,NA,NA,NA,NA,NA,NA,NA,NA,NA,NA,NA,NA,NA,NA,NA,NA,NA,NA,NA,NA,NA,NA,NA,NA,NA,NA,NA,NA,NA,NA,NA,NA,NA,NA,NA,NA,NA,NA,NA,NA,NA,NA,NA,NA,NA,NA,NA,NA,NA,NA,NA,NA,NA,NA,NA,NA,NA,NA,NA,NA,NA,NA,NA,NA,NA,NA,NA,NA,NA,NA,NA,NA,NA,NA,NA,NA,NA,NA,NA,NA,NA,NA,NA,NA,NA
"sig.cpR",NA,NA,NA,NA,NA,NA,NA,NA,NA,NA,NA,NA,NA,NA,NA,NA,NA,NA,NA,NA,NA,NA,NA,NA,NA,NA,NA,NA,NA,NA,NA,NA,NA,NA,NA,NA,NA,NA,NA,NA,NA,NA,NA,NA,NA,NA,NA,NA,NA,NA,NA,NA,NA,NA,NA,NA,NA,NA,NA,NA,NA,NA,NA,NA,NA,NA,NA,NA,NA,NA,NA,NA,NA,NA,NA,NA,NA,NA,NA,NA,NA,NA,NA,NA,NA,NA,NA,NA,NA,NA,NA,NA,NA,NA,NA,NA
"sig.cpT",NA,NA,NA,NA,NA,NA,NA,NA,NA,NA,NA,NA,NA,NA,NA,NA,NA,NA,NA,NA,NA,NA,NA,NA,NA,NA,NA,NA,NA,NA,NA,NA,NA,NA,NA,NA,NA,NA,NA,NA,NA,NA,NA,NA,NA,NA,NA,NA,NA,NA,NA,NA,NA,NA,NA,NA,NA,NA,NA,NA,NA,NA,NA,NA,NA,NA,NA,NA,NA,NA,NA,NA,NA,NA,NA,NA,NA,NA,NA,NA,NA,NA,NA,NA,NA,NA,NA,NA,NA,NA,NA,NA,NA,NA,NA,NA
"sig.Cy0",NA,NA,NA,NA,NA,NA,NA,NA,NA,NA,NA,NA,NA,NA,NA,NA,NA,NA,NA,NA,NA,NA,NA,NA,NA,NA,NA,NA,NA,NA,NA,NA,NA,NA,NA,NA,NA,NA,NA,NA,NA,NA,NA,NA,NA,NA,NA,NA,NA,NA,NA,NA,NA,NA,NA,NA,NA,NA,NA,NA,NA,NA,NA,NA,NA,NA,NA,NA,NA,NA,NA,NA,NA,NA,NA,NA,NA,NA,NA,NA,NA,NA,NA,NA,NA,NA,NA,NA,NA,NA,NA,NA,NA,NA,NA,NA
"sig.cpCQ",NA,NA,NA,NA,NA,NA,NA,NA,NA,NA,NA,NA,NA,NA,NA,NA,NA,NA,NA,NA,NA,NA,NA,NA,NA,NA,NA,NA,NA,NA,NA,NA,NA,NA,NA,NA,NA,NA,NA,NA,NA,NA,NA,NA,NA,NA,NA,NA,NA,NA,NA,NA,NA,NA,NA,NA,NA,NA,NA,NA,NA,NA,NA,NA,NA,NA,NA,NA,NA,NA,NA,NA,NA,NA,NA,NA,NA,NA,NA,NA,NA,NA,NA,NA,NA,NA,NA,NA,NA,NA,NA,NA,NA,NA,NA,NA
"sig.cpMR",NA,NA,NA,NA,NA,NA,NA,NA,NA,NA,NA,NA,NA,NA,NA,NA,NA,NA,NA,NA,NA,NA,NA,NA,NA,NA,NA,NA,NA,NA,NA,NA,NA,NA,NA,NA,NA,NA,NA,NA,NA,NA,NA,NA,NA,NA,NA,NA,NA,NA,NA,NA,NA,NA,NA,NA,NA,NA,NA,NA,NA,NA,NA,NA,NA,NA,NA,NA,NA,NA,NA,NA,NA,NA,NA,NA,NA,NA,NA,NA,NA,NA,NA,NA,NA,NA,NA,NA,NA,NA,NA,NA,NA,NA,NA,NA
"sig.fluo","6104.932","6370.175","6408.188","6137.622","6408.486","6037.603","3388.904","2192.89","2225.862",NA,"2137.221","2207.081","6787.606","6772.804","6628.77","6348.252","6234.83","6356.607","4843.326","2197.925","2137.705","2177.855","2181.638",NA,"6782.343","7498.576","6376.832","6594.112","6684.749","6290.058","5131.369","2147.958","2148.412","2147.777","2136.405","2160.922","6737.255","7066.584","6406.346","6220.385","6582.164","6842.073","5543.29","2155.975","2132.596","2138.121","2134.397","2146.991","6542.774","6672.791","6471.689","6246.394","6440.004","6217.61","3264.097",NA,NA,NA,"2166.761","2155.772","6998.33","7117.137","6402.661","6449.867","6356.806","6129.445","3010.241","2151.068","2267.159",NA,"2131.438",NA,"6196.284","6252.87","5988.71","6135.533","6297.011","5731.08","2981.506","2190.863","2160.329","2130.88","2130.612","2192.516","5783.24","5823.042","6025.593","5847.346","5730.623","5689.118","2946.72","2217.025","2176.572","2198.166","2161.039","2264.199"
"sig.init1","3402.826","3481.166","3499.849","3402.315","3450.01","3404.103","3328.16","2192.82","2225.862",NA,"2136.782","2211.024","3626.84","3660.619","3589.269","3452.306","3507.014","3463.051","3343.041","2197.662","2137.699","2661.083","2178.095",NA,"3653.717","3949.18","3530.802","3536.168","3598.654","3447.424","3412.029","2144.451","2148.27","2147.687","2136.299","232.5148","3606.115","3725.887","3531.669","3422.506","3542.879","3626.667","3461.618","2155.975","2132.169","2138.121","2137.555","2147.428","3570.741","3623.872","3532.379","3462.789","3526.242","3481.615","3192.989",NA,NA,NA,"2167.261","2158.989","3705.549","3825.017","3550.803","3469.269","3516.571","3470.524","2928.348","2154.377","2257.339",NA,"2132.562",NA,"3493.346","3430.1","3426.774","3500.934","3565.321","3338.449","2979.098","2190.863","2160.658","2130.774","2124.976","2192.233","3253.465","3343.888","3363.492","3298.409","3355.031","3310.646","2944.96","2214.512","2172.52","2198.028","2162.881","1467.361"
"sig.init2","19.99864","11.73846","18.41284","11.16717","12.59408","15.93503","3361.923","2192.82","2225.862",NA,"2135.636","2211.024","18.37368","17.92027","13.17235","11.48129","23.82888","14.10516","16.47082","2195.201","2137.699","2661.083","2180.914",NA,"15.16436","14.39561","20.68362","10.32789","14.66757","11.2827","11.38681","2147.903","2147.553","2147.177","2136.299","2160.906","17.24417","15.48302","15.4583","15.82125","10.70931","10.3907","3.839922","2155.975","2131.635","2138.121","2137.555","2153.064","18.04941","18.08019","16.40953","14.82081","13.42226","12.3318","3213.642",NA,NA,NA,"2167.349","2158.989","6.443156","20.10557","21.82372","11.62743","14.92828","23.79073","2954.518","2157.789","2260.177",NA,"2132.562",NA,"28.10201","13.65531","34.16177","25.69516","24.89824","21.70438","2979.098","2190.863","2160.819","2130.774","2130.595","2191.46","19.24097","34.37296","25.07895","16.8522","23.40922","18.86833","2944.96","2214.795","2174.939","2196.428","2162.881","2264.108"
"sig.cf",NA,NA,NA,NA,NA,NA,NA,NA,NA,NA,NA,NA,NA,NA,NA,NA,NA,NA,NA,NA,NA,NA,NA,NA,NA,NA,NA,NA,NA,NA,NA,NA,NA,NA,NA,NA,NA,NA,NA,NA,NA,NA,NA,NA,NA,NA,NA,NA,NA,NA,NA,NA,NA,NA,NA,NA,NA,NA,NA,NA,NA,NA,NA,NA,NA,NA,NA,NA,NA,NA,NA,NA,NA,NA,NA,NA,NA,NA,NA,NA,NA,NA,NA,NA,NA,NA,NA,NA,NA,NA,NA,NA,NA,NA,NA,NA
"sig.b","-17.48869","-18.81953","-17.38573","-19.22808","-18.15118","-18.51142","-0.5695969","-1.863733","-206.8868",NA,"-7.6677","0.03996788","-17.08037","-17.38649","-18.36035","-18.68336","-17.12711","-18.14522","-26.30796","-17.90238","-1.285145","7.500406","-0.2577441",NA,"-17.80942","-17.76932","-17.35811","-18.78908","-17.83314","-18.87615","-25.725","-0.03225956","-8.345305","-10.55288","-2.272473","-1.666452","-17.27551","-17.40082","-18.21738","-17.93812","-18.70574","-18.55115","-27.25285","-81.96938","-21.66293","-199.9184","0.03271509","53.60659","-17.50463","-17.44465","-17.77307","-18.34315","-18.42699","-19.1333","-0.8961005",NA,NA,NA,"2.381726","0.04855436","-19.94908","-17.07765","-17.2179","-18.41907","-18.31134","-17.34247","-0.8219447","35.2722","-0.7099839",NA,"1.102829",NA,"-16.71483","-18.35777","-16.38568","-17.27204","-17.26293","-18.17907","-1.05124","-179.8592","3.973759","-2.316511","-0.008421284","-4.461708","-17.6813","-16.36742","-16.79402","-18.19696","-18.04655","-18.66824","-1.13015","-0.8866966","-0.4011952","-24.0043","0.2048191","-0.8796899"
"sig.c","3402.826","3481.166","3499.849","3402.315","3450.01","3404.103","3328.16","2192.82","2225.862",NA,"2136.782","2202.723","3626.84","3660.619","3589.269","3452.306","3507.014","3463.051","3343.041","2197.662","2137.699","2174.909","2178.095",NA,"3653.717","3949.18","3530.802","3536.168","3598.654","3447.424","3412.029","2144.451","2148.27","2147.687","2136.299","232.5148","3606.115","3725.887","3531.669","3422.506","3542.879","3626.667","3461.618","2155.975","2132.169","2138.121","2131.838","2146.865","3570.741","3623.872","3532.379","3462.789","3526.242","3481.615","3192.989",NA,NA,NA,"2166.355","2152.584","3705.549","3825.017","3550.803","3469.269","3516.571","3470.524","2928.348","2150.152","2257.339",NA,"2130.714",NA,"3493.346","3430.1","3426.774","3500.934","3565.321","3338.449","2979.098","2190.863","2160.155","2130.774","2124.976","2192.233","3253.465","3343.888","3363.492","3298.409","3355.031","3310.646","2944.96","2214.512","2172.52","2198.028","2145.363","1467.361"
"sig.d","18175.89","19082.99","19431.29","18163.51","19511.11","17659.79","3599.466","2197.444","2228.134",NA,"2139.739","2211.024","20949.62","20666.5","20070.9","19102.46","18454.57","19137.02","11122.93","2199.094","2384.405","2661.083","2194.54",NA,"20725.31","23231.18","19107.93","20014.66","20400.77","18793.97","12366.73","2151.244","2149.196","2148.233","2140.292","2160.932","20737.46","21987.64","19119.18","18653.16","19952.37","21026.62","14252.62","2157.68","2134.471","2140.544","2137.555","2147.428","19795.06","20243.32","19542.71","18537.46","19273.51","18197.09","3536.688",NA,NA,NA,"2167.261","2158.989","21312.53","21879.32","19150.9","19658.61","18879.64","18016.77","3411.847","2154.377","15703.2",NA,"2132.562",NA,"18361.23","18691.82","17587.08","17880.53","18517.42","16339.65","3112.377","2193.692","2160.658","2133.075","2133.743","2194.894","17011.76","17043.94","17972.93","17147.38","16258.77","16176.55","3110.016","7785.004","3764.73","2198.757","2162.881","2264.299"
"sig.e","28.42125","29.92575","28.29783","30.6628","30.07755","29.66631","354.7258","9.393773","13.06396",NA,"5.299635","12.20071","27.52366","28.37998","29.10374","30.57219","29.24132","29.25989","38.81587","17.9874","4117.31","0.5066381","6022.79",NA,"29.05882","28.62049","28.14743","30.45547","29.37731","31.33501","40.15142","5.290839","19.90364","13.86413","4.872589","0.0263427","27.97293","28.04092","28.95944","29.29743","31.11945","30.55971","40.62861","33.2539","2.408925","13.04393","0.00159536","15.45637","28.40515","28.32339","28.734","30.06851","30.20507","31.96418","179.192",NA,NA,NA,"5.47003","0.8287118","33.56354","27.60175","28.29698","30.01019","30.17878","28.32313","276.8276","1.957432","1045473",NA,"0.6713447",NA,"27.573","29.74887","26.50337","28.63373","28.44451","29.93454","44.73315","11.00049","11.3003","3.700559","1.924437e-29","30.84221","28.78696","26.43991","27.09739","29.69314","30.06038","29.85065","55.06772","237161.8","116421281","18.63077","34737.67","0.001482435"
"sig.model","l4","l4","l4","l4","l4","l4","l4","l4","l4",NA,"l4","l4","l4","l4","l4","l4","l4","l4","l4","l4","l4","l4","l4",NA,"l4","l4","l4","l4","l4","l4","l4","l4","l4","l4","l4","l4","l4","l4","l4","l4","l4","l4","l4","l4","l4","l4","l4","l4","l4","l4","l4","l4","l4","l4","l4",NA,NA,NA,"l4","l4","l4","l4","l4","l4","l4","l4","l4","l4","l4",NA,"l4",NA,"l4","l4","l4","l4","l4","l4","l4","l4","l4","l4","l4","l4","l4","l4","l4","l4","l4","l4","l4","l4","l4","l4","l4","l4"
"sli.eff","1.242384","1.254099","1.250798","1.247434","1.252778","1.242789",NA,NA,NA,NA,NA,NA,"1.255546","1.253296","1.257389","1.247584","1.237622","1.251618","1.186279",NA,NA,NA,NA,NA,"1.254788","1.259636","1.248137","1.252703","1.252476","1.246404","1.207595",NA,NA,NA,NA,NA,"1.257424","1.263297","1.251762","1.248024","1.252038","1.254392","1.193251",NA,NA,NA,NA,NA,"1.248741","1.252216","1.251024","1.245646","1.248499","1.240407",NA,NA,NA,NA,NA,NA,"1.251951","1.254482","1.244644","1.255565","1.245209","1.239428",NA,NA,NA,NA,NA,NA,"1.237313","1.248696","1.236638","1.233649","1.236331","1.230848",NA,NA,NA,NA,NA,NA,"1.241081","1.234761","1.246738","1.240464","1.227757","1.234632",NA,NA,NA,NA,NA,NA
"sli.rsq","0.9954278","0.997026","0.9966695","0.9962756","0.99726","0.9963258",NA,NA,NA,NA,NA,NA,"0.9949343","0.9963219","0.996985","0.9950784","0.997274","0.996742","0.9936566",NA,NA,NA,NA,NA,"0.9972843","0.9953024","0.9970809","0.995484","0.9965847","0.9966828","0.9981765",NA,NA,NA,NA,NA,"0.9972017","0.9972505","0.9971936","0.9965634","0.9972897","0.9951741","0.9762557",NA,NA,NA,NA,NA,"0.9957526","0.9964711","0.9963976","0.9972313","0.9969422","0.9971389",NA,NA,NA,NA,NA,NA,"0.9953057","0.9953031","0.9966882","0.9971794","0.9970021","0.9961236",NA,NA,NA,NA,NA,NA,"0.9954693","0.9964886","0.9952223","0.995998","0.995619","0.9972719",NA,NA,NA,NA,NA,NA,"0.9968897","0.9949133","0.9970794","0.996302","0.9972873","0.997071",NA,NA,NA,NA,NA,NA
"sli.init","22.05828","12.48893","19.9021","11.82344","12.75244","16.10178",NA,NA,NA,NA,NA,NA,"22.81684","19.61522","14.65369","12.5492","21.16441","15.50178","9.365728",NA,NA,NA,NA,NA,"16.21605","17.64791","21.53995","12.04726","15.76988","10.97084","4.029801",NA,NA,NA,NA,NA,"19.4703","17.79324","16.47854","16.36932","10.52972","11.85495","6.319955",NA,NA,NA,NA,NA,"20.7264","19.9497","17.87125","14.5293","13.66296","10.81793",NA,NA,NA,NA,NA,NA,"6.529123","23.64383","22.67953","12.16519","14.62456","24.0408",NA,NA,NA,NA,NA,NA,"29.6645","14.44477","36.24739","25.29842","25.86544","19.12945",NA,NA,NA,NA,NA,NA,"19.5661","37.64233","26.36748","16.45782","20.09816","17.521",NA,NA,NA,NA,NA,NA
"sli.base","0","0","0","0","0","0",NA,NA,NA,NA,NA,NA,"0","0","0","0","0","0","0",NA,NA,NA,NA,NA,"0","0","0","0","0","0","0",NA,NA,NA,NA,NA,"0","0","0","0","0","0","0",NA,NA,NA,NA,NA,"0","0","0","0","0","0",NA,NA,NA,NA,NA,NA,"0","0","0","0","0","0",NA,NA,NA,NA,NA,NA,"0","0","0","0","0","0",NA,NA,NA,NA,NA,NA,"0","0","0","0","0","0",NA,NA,NA,NA,NA,NA
"exp.point","26","27","25","28","27","27",NA,NA,NA,NA,"4",NA,"25","26","26","28","26","26","36","16",NA,NA,NA,NA,"26","26","25","28","27","28","37","40","16","11",NA,NA,"25","25","26","26","28","28","38","16","2",NA,NA,"15","26","26","26","27","27","29",NA,NA,NA,NA,NA,NA,"31","25","25","27","27","25",NA,"2",NA,NA,NA,NA,"25","27","24","26","26","27",NA,"2","13",NA,"40","19","26","24","24","27","27","27",NA,"40","40",NA,NA,NA
"exp.eff","1.808858","1.870591","1.863762","1.839261","1.846348","1.851293",NA,NA,NA,NA,"3.477228e-06",NA,"1.825223","1.833185","1.885568","1.833248","1.866759","1.889374","1.929809","0.9999227",NA,NA,NA,NA,"1.841241","1.85729","1.879605","1.83431","1.831566","1.886902","1.880831","1.072169","1.000095","0.4311898",NA,NA,"1.838013","1.877795","1.890798","1.878699","1.867327","1.844129","1.962948","1.671582","0.9826952",NA,NA,"1.000146","1.798234","1.829553","1.860958","1.871343","1.876328","1.865449",NA,NA,NA,NA,NA,NA,"1.823706","1.845006","1.859386","1.876254","1.858078","1.876968",NA,"0.9739499",NA,NA,NA,NA,"1.812366","1.84494","1.83805","1.829882","1.820524","1.867821",NA,"0.9783902","0.9998701",NA,"1.144992","1.000133","1.798597","1.811034","1.862025","1.845746","1.865404","1.866448",NA,"1.040223","1.020347",NA,NA,NA
"exp.AIC","244.5864","195.481","181.3661","209.0798","200.0925","187.6875",NA,NA,NA,NA,"15.64298",NA,"233.5886","210.2941","155.5452","211.3221","160.838","151.7988","280.5252","70.81837",NA,NA,NA,NA,"247.1936","201.0848","158.3851","216.2754","220.4321","170.8699","313.1678","159.1702","80.17985","55.42426",NA,NA,"237.1871","160.7963","169.631","157.6273","198.1997","214.3411","277.6549","54.80691","-Inf",NA,NA,"70.30281","253.7725","211.2753","186.1348","166.9593","179.4035","191.8043",NA,NA,NA,NA,NA,NA,"305.4392","188.1806","176.7939","170.1739","196.555","162.0946",NA,"-101.3867",NA,NA,NA,NA,"241.6715","196.961","176.3695","192.9157","201.6261","170.4952",NA,"-Inf","62.34339",NA,"170.5683","85.43809","272.9889","216.6981","191.7729","198.6043","175.5514","169.2505",NA,"171.008","176.8036",NA,NA,NA
"exp.resVar","592.411","68.28195","68.34704","86.2174","80.99945","51.16204",NA,NA,NA,NA,"1.582747",NA,"551.9738","158.423","19.28914","93.406","23.64404","16.70066","123.8757","3.654321",NA,NA,NA,NA,"654.8988","111.1704","27.25839","111.4813","172.0457","22.0262","243.3395","2.771361","6.560082","6.000682",NA,NA,"637.4286","30.01838","33.1586","20.89735","58.45739","104.0402","76.74921","1.343387","0",NA,NA,"4.658935","843.4595","164.5155","62.55612","23.74303","37.64436","36.94393",NA,NA,NA,NA,NA,NA,"952.1472","89.76365","56.92369","26.74501","71.05294","31.61843",NA,"-2.067952e-25",NA,NA,NA,NA,"762.6626","72.12942","74.51862","81.19607","113.5091","27.06516",NA,"0","4.976604",NA,"3.68508","4.094571","1766.237","399.9783","141.5793","76.6557","32.63923","25.84573",NA,"3.725812","4.306708",NA,NA,NA
"exp.RMSE","22.89227","7.790704","7.755346","8.773814","8.485252","6.743691",NA,NA,NA,NA,"0.6290364",NA,"22.03944","11.83822","4.130795","9.132262","4.573389","3.843652","10.65611","1.723118",NA,NA,NA,NA,"24.06935","9.916806","4.897691","9.976818","12.36647","4.434665","14.95357","1.601096","2.308694","2.089051",NA,NA,"23.68411","5.139667","5.415959","4.299548","7.224548","9.638102","8.407738","1.04475","0",NA,NA,"1.930582","27.31551","12.0637","7.438959","4.594009","5.784605","5.755184",NA,NA,NA,NA,NA,NA,"29.32582","8.887745","7.07763","4.875791","7.947211","5.274866",NA,"3.215549e-13",NA,NA,NA,NA,"25.90643","8.007187","8.074887","8.475098","10.02058","4.904887",NA,"0","1.956568",NA,"1.846266","1.856895","39.52771","18.70778","11.13023","8.254599","5.386339","4.793118",NA,"1.856442","1.995922",NA,NA,NA
"exp.init","0.0009737109","0.0001723611","0.000558026","0.0001614895","0.000240409","0.0002426713",NA,NA,NA,NA,"4.197619",NA,"0.001554775","0.0008224563","0.0002503923","0.0002026513","0.0002964406","0.0002118503","9.507448e-08","139.0203",NA,NA,NA,NA,"0.000503389","0.0005809729","0.0004852538","0.0002225795","0.0004605841","5.935527e-05","1.273159e-07","0.04493293","112.2698","2.48318",NA,NA,"0.001013686","0.0006151804","0.0002425207","0.0002346296","9.604295e-05","0.0001948852","2.181794e-08","0.0003406426","108.4382",NA,NA,"747.6636","0.001248417","0.0008687147","0.0004327223","0.0001579245","0.0001418596","5.196216e-05",NA,NA,NA,NA,NA,NA,"4.440594e-05","0.001202672","0.0005875366","0.0001627854","0.0001822531","0.0004248981",NA,"110.4523",NA,NA,NA,NA,"0.001587755","0.0002748664","0.002015473","0.0006465181","0.0008434483","0.0001560623",NA,"111.8913","114.1069",NA,"0.007821541","165.8785","0.0008522296","0.002833363","0.001087742","0.0002564757","0.0001508083","0.0001590673",NA,"0.6668847","2.34248",NA,NA,NA
"LRE.eff","1.105487","1.035425","1.133923","1.066176","1.032562","1.060604",NA,NA,NA,NA,NA,NA,"1.108049","1.127888","1.014523","1.095527","1.005347","1.136131","1.047681",NA,NA,NA,NA,NA,"1.032206","1.102196","1.009318","1.11608","1.133499","1.129297","1.012779",NA,NA,NA,NA,NA,"1.046079","1.042846","1.029864","1.130084","1.02903","1.113018",NA,NA,NA,NA,NA,NA,"1.115122","1.132551","1.072239","1.019627","1.005568","1.033489",NA,NA,NA,NA,NA,NA,"1.112191","1.097712","1.129597","1.040467","1.005301","1.114355",NA,NA,NA,NA,NA,NA,"1.085584","1.064114","1.086045","1.072439","1.100639","1.01974",NA,NA,NA,NA,NA,NA,"1.046724","1.090559","1.011158","1.063082","1.003101","1.020258",NA,NA,NA,NA,NA,NA
"LRE.rsq","0.380505","0.6343263","0.2803933","0.5295094","0.6448221","0.5333539",NA,NA,NA,NA,NA,NA,"0.4029939","0.317193","0.6886705","0.4346831","0.685955","0.2726925","0.3760509",NA,NA,NA,NA,NA,"0.6424797","0.4439523","0.691697","0.3693243","0.2950911","0.2868418","0.7347073",NA,NA,NA,NA,NA,"0.6103399","0.6305805","0.6429287","0.2878457","0.6471768","0.3843092",NA,NA,NA,NA,NA,NA,"0.3610975","0.2921295","0.5213653","0.6626507","0.7005679","0.6182735",NA,NA,NA,NA,NA,NA,"0.3810624","0.4460786","0.2857179","0.6252813","0.699848","0.3275264",NA,NA,NA,NA,NA,NA,"0.4452327","0.5417564","0.4418497","0.4895638","0.3826423","0.6421739",NA,NA,NA,NA,NA,NA,"0.5756422","0.4175736","0.6879756","0.5276153","0.6790301","0.6410149",NA,NA,NA,NA,NA,NA
"LRE.base","0","0","0","0","0","0",NA,NA,NA,NA,NA,NA,"0","0","0","0","0","0","0",NA,NA,NA,NA,NA,"0","0","0","0","0","0","0",NA,NA,NA,NA,NA,"0","0","0","0","0","0",NA,NA,NA,NA,NA,NA,"0","0","0","0","0","0",NA,NA,NA,NA,NA,NA,"0","0","0","0","0","0",NA,NA,NA,NA,NA,NA,"0","0","0","0","0","0",NA,NA,NA,NA,NA,NA,"0","0","0","0","0","0",NA,NA,NA,NA,NA,NA
