Sample ID	User ID	Date	Time	ng/ul	A260	A280	260/280	260/230	Constant	Cursor Pos.	Cursor abs.	340 raw	Measurement Type	Serial #	Config.	220	221	222	223	224	225	226	227	228	229	230	231	232	233	234	235	236	237	238	239	240	241	242	243	244	245	246	247	248	249	250	251	252	253	254	255	256	257	258	259	260	261	262	263	264	265	266	267	268	269	270	271	272	273	274	275	276	277	278	279	280	281	282	283	284	285	286	287	288	289	290	291	292	293	294	295	296	297	298	299	300	301	302	303	304	305	306	307	308	309	310	311	312	313	314	315	316	317	318	319	320	321	322	323	324	325	326	327	328	329	330	331	332	333	334	335	336	337	338	339	340	341	342	343	344	345	346	347	348	349	350
HL1	 Default 	 5/7/2015 	 10:16 AM 	  39.16 	  0.979 	  0.515 	   1.90 	   1.70 	  40.00 	  230 	  0.576 	  0.016 	 Measure 	 USB2G24694BA582 	 0.992095/0.42/128/24 	1.093	1.038	0.961	0.882	0.817	0.724	0.690	0.641	0.606	0.594	0.576	0.560	0.550	0.539	0.521	0.520	0.523	0.535	0.564	0.598	0.637	0.659	0.690	0.717	0.747	0.779	0.802	0.819	0.842	0.855	0.868	0.890	0.914	0.928	0.944	0.956	0.957	0.980	0.985	0.985	0.979	0.971	0.968	0.959	0.947	0.923	0.899	0.875	0.865	0.841	0.818	0.798	0.767	0.743	0.716	0.692	0.651	0.614	0.587	0.546	0.515	0.494	0.451	0.417	0.399	0.365	0.336	0.318	0.278	0.251	0.221	0.203	0.177	0.154	0.139	0.118	0.102	0.095	0.082	0.069	0.052	0.044	0.038	0.032	0.030	0.022	0.019	0.016	0.016	0.013	0.014	0.011	0.013	0.016	0.016	0.013	0.012	0.016	0.012	0.012	0.010	0.011	0.011	0.015	0.013	0.012	0.013	0.012	0.013	0.007	0.007	0.004	0.005	0.006	0.005	0.003	0.004	0.007	0.006	0.002	0.000	-0.001	-0.005	-0.003	-0.003	-0.004	-0.003	0.001	0.002	0.001	-0.005
HL2	 Default 	 5/7/2015 	 10:17 AM 	 141.47 	  3.537 	  1.749 	   2.02 	   2.27 	  40.00 	  230 	  1.559 	  0.043 	 Measure 	 USB2G24694BA582 	 0.992095/0.42/128/24 	2.025	1.912	1.854	1.801	1.736	1.626	1.606	1.572	1.560	1.560	1.559	1.553	1.559	1.577	1.613	1.657	1.713	1.800	1.886	2.025	2.149	2.217	2.318	2.435	2.541	2.669	2.770	2.840	2.935	3.025	3.081	3.159	3.242	3.292	3.381	3.441	3.473	3.532	3.551	3.550	3.537	3.508	3.490	3.447	3.367	3.297	3.182	3.087	3.021	2.930	2.834	2.766	2.665	2.563	2.452	2.375	2.246	2.103	2.011	1.869	1.749	1.669	1.539	1.416	1.333	1.222	1.111	1.033	0.912	0.813	0.719	0.646	0.549	0.464	0.414	0.341	0.285	0.250	0.205	0.168	0.136	0.116	0.091	0.072	0.062	0.047	0.037	0.031	0.029	0.023	0.018	0.013	0.011	0.015	0.015	0.012	0.009	0.011	0.009	0.011	0.013	0.010	0.008	0.007	0.000	0.001	-0.001	-0.006	-0.008	-0.011	-0.014	-0.011	-0.008	-0.009	-0.004	-0.005	-0.004	0.001	0.002	-0.003	0.000	0.003	0.003	0.006	0.001	0.002	0.005	0.005	0.004	0.002	-0.003
HL3	 Default 	 5/7/2015 	 10:18 AM 	  58.05 	  1.451 	  0.716 	   2.03 	   2.19 	  40.00 	  230 	  0.664 	  0.024 	 Measure 	 USB2G24694BA582 	 0.992095/0.42/128/24 	0.904	0.834	0.826	0.791	0.747	0.699	0.691	0.676	0.664	0.666	0.664	0.663	0.656	0.667	0.685	0.710	0.731	0.760	0.793	0.851	0.914	0.940	0.987	1.033	1.082	1.129	1.171	1.200	1.237	1.270	1.287	1.316	1.348	1.370	1.407	1.422	1.429	1.448	1.458	1.453	1.451	1.435	1.425	1.408	1.377	1.345	1.298	1.255	1.235	1.202	1.168	1.139	1.096	1.058	1.012	0.985	0.923	0.867	0.824	0.769	0.716	0.686	0.634	0.581	0.547	0.495	0.452	0.420	0.374	0.335	0.293	0.268	0.235	0.209	0.188	0.156	0.133	0.116	0.101	0.082	0.065	0.054	0.046	0.037	0.035	0.024	0.020	0.015	0.016	0.016	0.016	0.016	0.019	0.023	0.020	0.018	0.012	0.014	0.009	0.006	0.005	0.006	0.007	0.011	0.011	0.012	0.015	0.011	0.010	0.010	0.007	0.008	0.009	0.007	0.009	0.004	0.006	0.007	0.008	0.003	0.000	0.002	0.000	0.005	0.004	0.007	0.003	0.004	0.007	0.007	0.000
HL4	 Default 	 5/7/2015 	 10:19 AM 	 119.39 	  2.985 	  1.504 	   1.98 	   2.27 	  40.00 	  230 	  1.314 	  0.064 	 Measure 	 USB2G24694BA582 	 0.992095/0.42/128/24 	1.665	1.555	1.497	1.429	1.410	1.362	1.351	1.323	1.316	1.316	1.314	1.329	1.328	1.351	1.379	1.420	1.463	1.547	1.624	1.733	1.842	1.898	1.987	2.085	2.175	2.280	2.369	2.422	2.506	2.576	2.621	2.688	2.757	2.804	2.871	2.912	2.931	2.984	3.000	2.996	2.985	2.963	2.948	2.916	2.851	2.784	2.692	2.609	2.562	2.485	2.409	2.351	2.259	2.174	2.085	2.018	1.907	1.793	1.715	1.605	1.504	1.444	1.340	1.233	1.163	1.061	0.965	0.896	0.796	0.715	0.625	0.570	0.495	0.428	0.385	0.321	0.273	0.242	0.207	0.176	0.144	0.125	0.103	0.081	0.072	0.057	0.046	0.037	0.033	0.031	0.027	0.028	0.030	0.036	0.035	0.030	0.025	0.025	0.023	0.019	0.021	0.018	0.018	0.020	0.017	0.016	0.015	0.006	0.006	0.002	0.000	-0.005	-0.001	-0.002	0.003	0.003	0.004	0.007	0.008	0.003	0.000	0.001	-0.003	-0.001	-0.006	-0.005	-0.005	-0.004	-0.001	-0.003	-0.010
HL5	 Default 	 5/7/2015 	 10:20 AM 	  64.32 	  1.608 	  0.805 	   2.00 	   2.20 	  40.00 	  230 	  0.732 	  0.053 	 Measure 	 USB2G24694BA582 	 0.992095/0.42/128/24 	1.028	0.965	0.920	0.863	0.842	0.777	0.768	0.737	0.731	0.740	0.732	0.735	0.735	0.744	0.761	0.783	0.797	0.833	0.882	0.947	1.005	1.033	1.078	1.129	1.182	1.240	1.284	1.315	1.354	1.394	1.419	1.454	1.493	1.516	1.551	1.566	1.587	1.615	1.618	1.615	1.608	1.592	1.585	1.568	1.530	1.492	1.446	1.402	1.374	1.338	1.299	1.268	1.218	1.177	1.128	1.094	1.033	0.969	0.920	0.860	0.805	0.767	0.716	0.659	0.617	0.564	0.516	0.478	0.422	0.380	0.335	0.304	0.265	0.226	0.204	0.174	0.152	0.134	0.115	0.099	0.088	0.079	0.066	0.055	0.052	0.040	0.034	0.026	0.024	0.023	0.021	0.020	0.018	0.020	0.019	0.016	0.012	0.010	0.008	0.007	0.007	0.004	0.004	0.007	0.007	0.009	0.009	0.006	0.007	0.007	0.002	0.007	0.008	0.009	0.014	0.010	0.008	0.015	0.010	0.005	0.000	-0.001	-0.003	-0.001	-0.003	-0.005	-0.004	-0.004	-0.006	-0.008	-0.011
HL6	 Default 	 5/7/2015 	 10:21 AM 	  78.93 	  1.973 	  0.976 	   2.02 	   2.22 	  40.00 	  230 	  0.890 	  0.033 	 Measure 	 USB2G24694BA582 	 0.992095/0.42/128/24 	1.347	1.202	1.152	1.080	0.994	0.936	0.902	0.886	0.879	0.888	0.890	0.892	0.896	0.903	0.920	0.942	0.977	1.017	1.072	1.151	1.234	1.279	1.348	1.410	1.467	1.541	1.601	1.639	1.687	1.734	1.762	1.808	1.856	1.881	1.919	1.947	1.955	1.979	1.988	1.984	1.973	1.961	1.949	1.920	1.883	1.840	1.773	1.718	1.686	1.637	1.587	1.550	1.491	1.441	1.381	1.340	1.264	1.180	1.123	1.048	0.976	0.930	0.856	0.790	0.747	0.691	0.630	0.586	0.521	0.467	0.409	0.368	0.313	0.272	0.246	0.206	0.176	0.157	0.134	0.114	0.093	0.080	0.067	0.055	0.049	0.039	0.037	0.030	0.030	0.027	0.024	0.023	0.021	0.022	0.018	0.014	0.006	0.009	0.005	0.006	0.010	0.009	0.012	0.016	0.016	0.019	0.021	0.014	0.016	0.011	0.010	0.010	0.007	0.004	0.010	0.006	0.008	0.010	0.005	0.001	0.000	-0.004	-0.009	-0.007	-0.009	-0.006	-0.005	-0.001	0.003	0.001	-0.003
HL7	 Default 	 5/7/2015 	 10:22 AM 	 115.35 	  2.884 	  1.419 	   2.03 	   2.30 	  40.00 	  230 	  1.251 	  0.049 	 Measure 	 USB2G24694BA582 	 0.992095/0.42/128/24 	1.597	1.500	1.443	1.416	1.352	1.293	1.294	1.270	1.258	1.252	1.251	1.252	1.254	1.270	1.299	1.340	1.396	1.468	1.545	1.658	1.770	1.828	1.912	2.006	2.090	2.199	2.285	2.336	2.408	2.478	2.521	2.584	2.652	2.686	2.752	2.802	2.837	2.880	2.898	2.893	2.884	2.866	2.852	2.815	2.751	2.692	2.598	2.521	2.468	2.391	2.315	2.261	2.174	2.093	2.002	1.936	1.829	1.714	1.635	1.519	1.419	1.355	1.250	1.154	1.090	0.998	0.905	0.841	0.742	0.662	0.581	0.520	0.441	0.370	0.330	0.271	0.224	0.198	0.162	0.128	0.102	0.087	0.068	0.051	0.044	0.022	0.016	0.008	0.006	0.001	-0.006	-0.006	0.000	0.006	0.005	0.005	0.002	0.003	0.003	0.001	0.003	0.001	-0.001	0.002	0.001	-0.001	0.000	-0.004	-0.007	-0.005	-0.007	-0.008	-0.007	-0.007	-0.003	-0.004	0.000	0.002	0.003	0.000	0.000	-0.003	-0.006	-0.004	-0.011	-0.012	-0.013	-0.012	-0.008	-0.008	-0.008
HL8	 Default 	 5/7/2015 	 10:23 AM 	  11.77 	  0.235 	  0.129 	   1.82 	   1.54 	  50.00 	  230 	  0.153 	  0.055 	 Measure 	 USB2G24694BA582 	 0.992095/0.42/128/24 	0.326	0.280	0.295	0.281	0.234	0.212	0.190	0.168	0.150	0.156	0.153	0.154	0.153	0.145	0.156	0.171	0.180	0.176	0.186	0.190	0.196	0.200	0.204	0.197	0.208	0.210	0.214	0.218	0.224	0.225	0.224	0.233	0.233	0.234	0.235	0.235	0.227	0.231	0.235	0.232	0.235	0.232	0.229	0.226	0.231	0.226	0.222	0.215	0.214	0.204	0.205	0.195	0.183	0.176	0.170	0.168	0.153	0.150	0.143	0.138	0.129	0.126	0.117	0.109	0.102	0.095	0.090	0.085	0.076	0.068	0.062	0.055	0.052	0.054	0.049	0.041	0.042	0.039	0.035	0.032	0.028	0.024	0.023	0.024	0.025	0.018	0.018	0.014	0.015	0.013	0.014	0.013	0.011	0.019	0.017	0.014	0.009	0.013	0.011	0.011	0.012	0.008	0.012	0.015	0.016	0.018	0.019	0.011	0.010	0.009	0.008	0.010	0.010	0.007	0.011	0.010	0.013	0.015	0.009	0.006	0.000	0.000	-0.004	-0.002	-0.005	-0.002	-0.004	-0.001	0.001	0.003	-0.005
HL9	 Default 	 5/7/2015 	 10:25 AM 	 172.45 	  3.449 	  1.726 	   2.00 	   2.31 	  50.00 	  230 	  1.495 	  0.043 	 Measure 	 USB2G24694BA582 	 0.992095/0.42/128/24 	1.863	1.731	1.651	1.653	1.600	1.529	1.522	1.508	1.493	1.498	1.495	1.489	1.495	1.522	1.555	1.589	1.648	1.728	1.818	1.966	2.106	2.170	2.270	2.385	2.494	2.626	2.728	2.793	2.875	2.968	3.021	3.103	3.174	3.222	3.309	3.364	3.395	3.439	3.456	3.455	3.449	3.427	3.401	3.357	3.285	3.212	3.112	3.019	2.951	2.859	2.775	2.712	2.605	2.507	2.397	2.321	2.202	2.066	1.966	1.839	1.726	1.646	1.529	1.409	1.325	1.213	1.103	1.018	0.902	0.804	0.704	0.634	0.542	0.462	0.409	0.340	0.282	0.249	0.208	0.170	0.138	0.116	0.097	0.078	0.071	0.053	0.042	0.028	0.027	0.020	0.011	0.009	0.005	0.009	0.007	0.008	0.006	0.005	0.003	0.004	0.004	0.000	0.000	-0.002	-0.005	-0.003	-0.004	-0.010	-0.010	-0.009	-0.011	-0.012	-0.012	-0.012	-0.004	-0.004	-0.003	-0.002	-0.004	-0.003	0.000	0.000	-0.003	-0.002	-0.007	-0.007	-0.008	-0.006	-0.004	-0.002	-0.006
HL10	 Default 	 5/7/2015 	 10:26 AM 	  96.08 	  1.922 	  0.966 	   1.99 	   2.20 	  50.00 	  230 	  0.875 	  0.029 	 Measure 	 USB2G24694BA582 	 0.992095/0.42/128/24 	1.125	1.055	1.036	0.980	0.942	0.913	0.906	0.884	0.869	0.876	0.875	0.880	0.876	0.887	0.897	0.920	0.952	0.991	1.037	1.113	1.186	1.229	1.291	1.349	1.412	1.477	1.536	1.568	1.621	1.665	1.690	1.735	1.777	1.808	1.853	1.881	1.897	1.919	1.936	1.930	1.922	1.907	1.898	1.876	1.835	1.799	1.736	1.687	1.652	1.608	1.558	1.520	1.466	1.414	1.355	1.311	1.237	1.158	1.102	1.032	0.966	0.924	0.855	0.788	0.740	0.681	0.618	0.572	0.505	0.453	0.396	0.356	0.310	0.264	0.238	0.200	0.166	0.148	0.128	0.108	0.088	0.077	0.061	0.050	0.046	0.033	0.029	0.021	0.020	0.018	0.014	0.012	0.014	0.017	0.012	0.014	0.009	0.010	0.008	0.005	0.007	0.004	0.003	0.006	0.004	0.005	0.008	0.003	0.000	0.001	0.001	0.002	0.003	0.004	0.007	0.006	0.007	0.007	0.005	0.002	0.000	0.000	-0.003	-0.002	-0.005	-0.003	-0.005	-0.003	0.002	0.004	0.004
HL11	 Default 	 5/7/2015 	 10:27 AM 	 192.30 	  3.846 	  1.951 	   1.97 	   2.28 	  50.00 	  230 	  1.689 	  0.081 	 Measure 	 USB2G24694BA582 	 0.992095/0.42/128/24 	2.063	2.009	1.919	1.869	1.794	1.737	1.723	1.703	1.688	1.687	1.689	1.699	1.700	1.726	1.766	1.814	1.880	1.979	2.070	2.220	2.366	2.437	2.547	2.677	2.791	2.934	3.048	3.119	3.217	3.315	3.373	3.455	3.546	3.598	3.681	3.734	3.774	3.826	3.862	3.858	3.846	3.819	3.799	3.747	3.673	3.589	3.463	3.350	3.281	3.185	3.085	3.015	2.904	2.800	2.680	2.599	2.464	2.320	2.221	2.082	1.951	1.866	1.727	1.591	1.502	1.378	1.254	1.166	1.032	0.924	0.816	0.740	0.638	0.545	0.486	0.405	0.342	0.304	0.258	0.218	0.182	0.158	0.131	0.107	0.095	0.074	0.060	0.041	0.039	0.032	0.023	0.023	0.023	0.027	0.027	0.027	0.019	0.024	0.022	0.015	0.014	0.008	0.007	0.005	-0.002	-0.004	-0.002	-0.005	-0.006	-0.008	-0.009	-0.009	-0.007	-0.006	-0.004	-0.003	-0.003	0.001	-0.001	0.000	0.000	-0.001	-0.004	-0.003	-0.006	-0.008	-0.008	-0.009	-0.008	-0.011	-0.015
HL12	 Default 	 5/7/2015 	 10:28 AM 	  58.12 	  1.162 	  0.584 	   1.99 	   2.15 	  50.00 	  230 	  0.542 	  0.047 	 Measure 	 USB2G24694BA582 	 0.992095/0.42/128/24 	0.751	0.658	0.621	0.598	0.571	0.547	0.553	0.543	0.528	0.539	0.542	0.535	0.543	0.550	0.549	0.562	0.576	0.600	0.637	0.692	0.736	0.753	0.786	0.819	0.861	0.898	0.929	0.952	0.979	1.003	1.015	1.049	1.067	1.087	1.115	1.125	1.132	1.157	1.172	1.164	1.162	1.143	1.138	1.127	1.104	1.075	1.040	1.011	0.991	0.968	0.944	0.920	0.884	0.852	0.822	0.794	0.748	0.704	0.668	0.623	0.584	0.561	0.514	0.477	0.447	0.405	0.372	0.345	0.303	0.267	0.233	0.205	0.176	0.146	0.130	0.107	0.090	0.081	0.067	0.059	0.048	0.043	0.035	0.028	0.029	0.018	0.014	0.009	0.012	0.014	0.011	0.009	0.010	0.014	0.012	0.011	0.004	0.004	0.006	0.003	0.003	0.002	0.005	0.005	0.005	0.006	0.008	0.005	0.005	0.003	0.003	0.004	0.003	0.005	0.007	0.003	0.005	0.010	0.005	0.003	0.000	-0.002	-0.005	0.000	-0.002	-0.001	0.002	0.002	0.003	-0.001	-0.007
HL13	 Default 	 5/7/2015 	 10:29 AM 	  43.74 	  0.875 	  0.451 	   1.94 	   2.08 	  50.00 	  230 	  0.421 	  0.015 	 Measure 	 USB2G24694BA582 	 0.992095/0.42/128/24 	0.797	0.691	0.642	0.579	0.531	0.471	0.459	0.444	0.433	0.427	0.421	0.417	0.412	0.415	0.415	0.431	0.435	0.461	0.494	0.528	0.562	0.574	0.599	0.620	0.646	0.677	0.698	0.715	0.736	0.756	0.764	0.784	0.806	0.815	0.829	0.843	0.849	0.865	0.880	0.877	0.875	0.867	0.861	0.853	0.840	0.826	0.800	0.779	0.770	0.755	0.734	0.715	0.689	0.667	0.640	0.620	0.581	0.542	0.517	0.482	0.451	0.430	0.392	0.361	0.339	0.308	0.282	0.265	0.231	0.209	0.187	0.171	0.151	0.131	0.120	0.102	0.090	0.082	0.069	0.061	0.053	0.048	0.038	0.033	0.033	0.023	0.018	0.011	0.010	0.012	0.012	0.015	0.015	0.025	0.025	0.025	0.022	0.023	0.021	0.017	0.016	0.013	0.015	0.012	0.014	0.015	0.015	0.008	0.008	0.007	0.008	0.008	0.009	0.009	0.014	0.012	0.011	0.015	0.007	0.003	0.000	0.000	-0.002	0.002	0.002	0.005	0.010	0.012	0.017	0.012	0.004
HL14	 Default 	 5/7/2015 	 10:30 AM 	 127.92 	  2.558 	  1.275 	   2.01 	   2.35 	  50.00 	  230 	  1.090 	  0.030 	 Measure 	 USB2G24694BA582 	 0.992095/0.42/128/24 	1.515	1.412	1.349	1.274	1.218	1.169	1.137	1.117	1.091	1.093	1.090	1.091	1.094	1.113	1.126	1.163	1.212	1.283	1.342	1.451	1.543	1.584	1.665	1.743	1.814	1.910	1.987	2.035	2.104	2.168	2.208	2.266	2.323	2.365	2.428	2.472	2.493	2.546	2.565	2.560	2.558	2.535	2.518	2.483	2.429	2.364	2.284	2.218	2.164	2.101	2.038	1.989	1.915	1.851	1.774	1.714	1.624	1.520	1.454	1.362	1.275	1.217	1.126	1.040	0.982	0.905	0.819	0.757	0.667	0.594	0.517	0.465	0.394	0.331	0.295	0.241	0.197	0.170	0.142	0.113	0.091	0.073	0.058	0.049	0.046	0.026	0.014	0.006	0.005	0.000	-0.005	-0.006	-0.005	0.004	0.006	0.006	0.008	0.009	0.006	0.000	-0.003	-0.005	-0.006	-0.007	-0.014	-0.015	-0.015	-0.017	-0.018	-0.020	-0.020	-0.021	-0.019	-0.017	-0.010	-0.009	-0.006	-0.002	-0.003	-0.002	0.000	-0.001	-0.002	0.000	-0.006	-0.009	-0.009	-0.007	-0.004	-0.005	-0.009
HL15	 Default 	 5/7/2015 	 10:31 AM 	  28.71 	  0.574 	  0.305 	   1.88 	   2.01 	  50.00 	  230 	  0.285 	  0.015 	 Measure 	 USB2G24694BA582 	 0.992095/0.42/128/24 	0.499	0.429	0.421	0.388	0.367	0.320	0.305	0.295	0.285	0.289	0.285	0.281	0.278	0.275	0.283	0.289	0.286	0.298	0.323	0.339	0.369	0.379	0.397	0.405	0.427	0.443	0.452	0.466	0.475	0.487	0.492	0.511	0.523	0.535	0.552	0.559	0.564	0.571	0.579	0.574	0.574	0.566	0.563	0.557	0.550	0.539	0.521	0.506	0.495	0.488	0.473	0.460	0.437	0.428	0.410	0.402	0.373	0.351	0.337	0.319	0.305	0.292	0.272	0.250	0.237	0.215	0.197	0.182	0.154	0.138	0.120	0.107	0.099	0.088	0.082	0.065	0.053	0.047	0.038	0.031	0.025	0.018	0.014	0.015	0.016	0.002	-0.002	-0.008	-0.012	-0.013	-0.015	-0.015	-0.015	-0.003	-0.002	-0.001	-0.001	0.004	0.002	-0.002	-0.002	-0.003	-0.004	-0.002	-0.006	-0.006	-0.006	-0.010	-0.008	-0.011	-0.011	-0.014	-0.009	-0.007	-0.002	-0.001	-0.001	0.004	0.003	0.002	0.000	-0.002	-0.006	-0.006	-0.009	-0.009	-0.010	-0.009	-0.008	-0.008	-0.013
HL16	 Default 	 5/7/2015 	 10:32 AM 	  98.46 	  1.969 	  0.978 	   2.01 	   2.30 	  50.00 	  230 	  0.858 	  0.012 	 Measure 	 USB2G24694BA582 	 0.992095/0.42/128/24 	1.140	1.049	0.999	0.972	0.918	0.893	0.869	0.860	0.845	0.850	0.858	0.856	0.859	0.863	0.890	0.915	0.953	1.005	1.058	1.137	1.212	1.253	1.312	1.367	1.424	1.499	1.556	1.594	1.643	1.687	1.717	1.768	1.812	1.836	1.887	1.917	1.928	1.962	1.975	1.975	1.969	1.954	1.942	1.922	1.881	1.839	1.777	1.718	1.677	1.632	1.582	1.541	1.481	1.426	1.365	1.323	1.250	1.165	1.112	1.039	0.978	0.933	0.868	0.801	0.758	0.693	0.629	0.586	0.519	0.461	0.401	0.361	0.306	0.261	0.232	0.188	0.157	0.139	0.114	0.095	0.077	0.063	0.053	0.040	0.036	0.021	0.014	0.005	0.003	0.000	-0.005	-0.006	-0.007	0.000	0.001	-0.001	-0.004	-0.001	-0.004	-0.004	-0.002	-0.004	-0.003	-0.001	-0.001	0.001	0.002	-0.002	-0.005	-0.005	-0.008	-0.010	-0.009	-0.006	-0.002	-0.002	0.000	0.003	0.003	0.003	0.000	0.002	-0.001	0.002	-0.004	-0.005	-0.005	-0.002	0.000	-0.003	-0.004
HL17	 Default 	 5/7/2015 	 10:33 AM 	  73.78 	  1.476 	  0.724 	   2.04 	   2.32 	  50.00 	  230 	  0.635 	  0.037 	 Measure 	 USB2G24694BA582 	 0.992095/0.42/128/24 	0.942	0.851	0.798	0.753	0.707	0.680	0.653	0.637	0.623	0.631	0.635	0.632	0.636	0.644	0.660	0.677	0.696	0.719	0.764	0.832	0.890	0.921	0.964	1.012	1.060	1.118	1.157	1.184	1.223	1.257	1.280	1.318	1.350	1.370	1.407	1.426	1.443	1.470	1.479	1.475	1.476	1.464	1.455	1.435	1.393	1.356	1.306	1.257	1.232	1.194	1.165	1.137	1.097	1.062	1.015	0.984	0.927	0.870	0.826	0.773	0.724	0.691	0.638	0.590	0.555	0.510	0.464	0.429	0.378	0.339	0.299	0.271	0.235	0.198	0.176	0.140	0.113	0.101	0.084	0.067	0.056	0.046	0.039	0.032	0.031	0.020	0.016	0.007	0.002	0.001	-0.003	-0.001	0.001	0.007	0.005	0.004	0.002	0.000	-0.002	-0.004	-0.004	-0.007	-0.006	-0.006	-0.006	-0.003	0.000	-0.007	-0.010	-0.010	-0.010	-0.008	-0.006	-0.006	-0.001	0.001	0.003	0.006	0.002	-0.001	0.000	-0.001	-0.005	-0.008	-0.012	-0.011	-0.010	-0.010	-0.008	-0.008	-0.011
HL18	 Default 	 5/7/2015 	 10:34 AM 	  66.94 	  1.339 	  0.668 	   2.00 	   2.22 	  50.00 	  230 	  0.604 	  0.044 	 Measure 	 USB2G24694BA582 	 0.992095/0.42/128/24 	0.806	0.778	0.714	0.685	0.665	0.623	0.620	0.615	0.612	0.609	0.604	0.598	0.603	0.617	0.622	0.640	0.663	0.699	0.740	0.786	0.827	0.852	0.896	0.931	0.969	1.013	1.049	1.077	1.116	1.145	1.161	1.197	1.225	1.245	1.277	1.297	1.302	1.325	1.336	1.335	1.339	1.325	1.314	1.297	1.277	1.244	1.197	1.154	1.130	1.098	1.070	1.042	0.998	0.967	0.928	0.901	0.853	0.803	0.765	0.713	0.668	0.640	0.589	0.539	0.507	0.461	0.416	0.388	0.344	0.308	0.272	0.245	0.214	0.186	0.170	0.141	0.116	0.105	0.085	0.071	0.054	0.046	0.038	0.032	0.033	0.024	0.023	0.016	0.019	0.018	0.016	0.015	0.014	0.017	0.015	0.016	0.010	0.012	0.009	0.009	0.008	0.006	0.005	0.004	0.002	0.004	0.004	-0.003	-0.004	-0.006	-0.006	-0.001	-0.002	-0.002	0.001	0.003	0.004	0.009	0.006	0.000	0.000	-0.002	-0.007	-0.004	-0.006	-0.003	-0.002	0.000	0.002	0.003	-0.004
HL19	 Default 	 5/7/2015 	 10:35 AM 	 287.52 	  5.750 	  2.813 	   2.04 	   2.34 	  50.00 	  230 	  2.453 	  0.019 	 Measure 	 USB2G24694BA582 	 0.992095/0.42/128/24 	2.956	2.837	2.750	2.672	2.553	2.469	2.468	2.455	2.444	2.443	2.453	2.478	2.500	2.548	2.623	2.683	2.798	2.951	3.092	3.329	3.536	3.654	3.818	4.022	4.183	4.389	4.560	4.665	4.805	4.949	5.041	5.156	5.291	5.377	5.500	5.595	5.658	5.737	5.775	5.774	5.750	5.704	5.665	5.589	5.463	5.344	5.147	4.992	4.888	4.735	4.586	4.470	4.289	4.122	3.938	3.808	3.601	3.372	3.221	3.008	2.813	2.688	2.487	2.289	2.157	1.980	1.799	1.673	1.490	1.327	1.169	1.056	0.900	0.762	0.677	0.562	0.469	0.416	0.346	0.287	0.233	0.198	0.158	0.121	0.104	0.077	0.054	0.038	0.030	0.024	0.018	0.016	0.014	0.021	0.021	0.018	0.015	0.018	0.013	0.008	0.007	0.004	0.003	0.003	0.003	0.005	0.006	0.002	-0.001	-0.002	0.000	-0.002	0.001	0.002	0.006	0.006	0.011	0.014	0.009	0.006	0.000	0.003	-0.003	-0.001	-0.004	-0.004	-0.003	-0.001	0.003	-0.003	-0.008
HL20	 Default 	 5/7/2015 	 10:36 AM 	 144.94 	  2.899 	  1.412 	   2.05 	   2.33 	  50.00 	  230 	  1.246 	  0.038 	 Measure 	 USB2G24694BA582 	 0.992095/0.42/128/24 	1.611	1.533	1.460	1.390	1.340	1.263	1.259	1.250	1.239	1.240	1.246	1.255	1.266	1.290	1.320	1.357	1.411	1.484	1.563	1.673	1.781	1.838	1.924	2.021	2.110	2.214	2.299	2.356	2.428	2.498	2.539	2.605	2.670	2.712	2.775	2.812	2.844	2.895	2.915	2.911	2.899	2.876	2.856	2.820	2.752	2.681	2.580	2.501	2.447	2.372	2.298	2.249	2.159	2.077	1.991	1.923	1.815	1.702	1.623	1.506	1.412	1.352	1.251	1.150	1.081	0.990	0.899	0.839	0.742	0.661	0.580	0.526	0.455	0.386	0.347	0.287	0.245	0.217	0.185	0.154	0.126	0.109	0.088	0.068	0.058	0.042	0.032	0.021	0.017	0.011	0.003	0.003	0.000	0.003	-0.001	-0.003	-0.004	0.001	-0.001	-0.004	0.000	0.001	0.002	0.003	-0.002	-0.004	-0.005	-0.009	-0.011	-0.014	-0.011	-0.009	-0.008	-0.005	0.001	0.004	0.006	0.009	0.007	0.002	0.000	-0.001	-0.007	-0.007	-0.012	-0.013	-0.011	-0.009	-0.005	-0.006	-0.011
HL21	 Default 	 5/7/2015 	 10:37 AM 	 356.18 	  7.124 	  3.630 	   1.96 	   2.35 	  50.00 	  230 	  3.026 	  0.040 	 Measure 	 USB2G24694BA582 	 0.992095/0.42/128/24 	3.374	3.221	3.173	3.111	3.051	3.026	3.030	3.026	3.024	3.025	3.026	3.049	3.069	3.115	3.192	3.263	3.402	3.590	3.762	4.058	4.323	4.475	4.684	4.942	5.152	5.417	5.640	5.777	5.967	6.150	6.266	6.407	6.542	6.627	6.758	6.841	6.924	7.057	7.104	7.126	7.124	7.096	7.050	6.957	6.806	6.647	6.434	6.238	6.124	5.934	5.783	5.658	5.441	5.242	5.020	4.870	4.615	4.335	4.139	3.872	3.630	3.468	3.208	2.946	2.780	2.548	2.313	2.142	1.899	1.690	1.480	1.330	1.123	0.942	0.835	0.690	0.573	0.506	0.422	0.349	0.286	0.247	0.196	0.154	0.133	0.100	0.077	0.057	0.049	0.041	0.031	0.030	0.027	0.031	0.025	0.023	0.020	0.021	0.019	0.012	0.013	0.014	0.014	0.013	0.010	0.010	0.008	0.005	0.004	0.000	0.003	0.001	0.002	0.004	0.010	0.008	0.008	0.010	0.004	0.002	0.000	-0.001	-0.006	-0.004	-0.006	-0.003	-0.002	0.002	0.008	0.006	0.005
HL22	 Default 	 5/7/2015 	 10:38 AM 	 222.98 	  4.460 	  2.234 	   2.00 	   2.39 	  50.00 	  230 	  1.869 	  0.019 	 Measure 	 USB2G24694BA582 	 0.992095/0.42/128/24 	2.330	2.208	2.152	2.104	2.033	1.936	1.934	1.905	1.873	1.873	1.869	1.884	1.899	1.931	1.976	2.039	2.137	2.259	2.365	2.538	2.707	2.794	2.928	3.076	3.200	3.365	3.497	3.582	3.695	3.810	3.875	3.963	4.065	4.130	4.235	4.312	4.359	4.437	4.474	4.478	4.460	4.428	4.398	4.344	4.256	4.160	4.025	3.902	3.828	3.711	3.598	3.516	3.376	3.247	3.111	3.015	2.853	2.685	2.560	2.385	2.234	2.128	1.966	1.806	1.703	1.554	1.414	1.311	1.159	1.033	0.907	0.814	0.693	0.585	0.515	0.424	0.349	0.307	0.257	0.211	0.169	0.144	0.116	0.096	0.087	0.068	0.059	0.044	0.041	0.035	0.033	0.027	0.028	0.032	0.024	0.023	0.019	0.019	0.013	0.012	0.012	0.011	0.012	0.014	0.011	0.011	0.013	0.007	0.003	-0.001	-0.004	-0.002	-0.002	-0.004	-0.001	0.001	0.003	0.006	0.003	-0.002	0.000	-0.002	-0.010	-0.009	-0.012	-0.008	-0.005	-0.003	0.003	0.006	0.003
HL23	 Default 	 5/7/2015 	 10:39 AM 	 393.05 	  7.861 	  4.097 	   1.92 	   2.33 	  50.00 	  230 	  3.371 	  0.035 	 Measure 	 USB2G24694BA582 	 0.992095/0.42/128/24 	3.742	3.615	3.498	3.429	3.416	3.357	3.371	3.354	3.347	3.354	3.371	3.392	3.404	3.448	3.523	3.614	3.745	3.929	4.099	4.416	4.706	4.876	5.122	5.403	5.640	5.941	6.200	6.351	6.555	6.752	6.863	7.010	7.151	7.257	7.388	7.513	7.618	7.782	7.846	7.868	7.861	7.808	7.772	7.685	7.521	7.353	7.131	6.921	6.799	6.614	6.421	6.278	6.051	5.843	5.613	5.446	5.163	4.865	4.656	4.366	4.097	3.911	3.621	3.336	3.149	2.886	2.618	2.430	2.157	1.918	1.680	1.511	1.282	1.080	0.954	0.785	0.652	0.576	0.482	0.399	0.324	0.277	0.222	0.173	0.150	0.116	0.092	0.066	0.060	0.050	0.044	0.042	0.034	0.038	0.032	0.029	0.027	0.025	0.021	0.019	0.021	0.022	0.025	0.026	0.019	0.023	0.022	0.015	0.010	0.006	0.006	0.001	0.003	0.001	0.003	0.005	0.008	0.009	0.006	0.001	0.000	0.002	-0.001	0.001	-0.001	0.002	0.004	0.006	0.011	0.007	0.003
HL24	 Default 	 5/7/2015 	 10:40 AM 	  60.32 	  1.206 	  0.620 	   1.95 	   2.11 	  50.00 	  230 	  0.571 	  0.076 	 Measure 	 USB2G24694BA582 	 0.992095/0.42/128/24 	0.770	0.723	0.671	0.642	0.621	0.582	0.574	0.575	0.565	0.566	0.571	0.576	0.573	0.578	0.595	0.609	0.624	0.651	0.683	0.718	0.774	0.801	0.831	0.861	0.896	0.935	0.968	0.996	1.026	1.048	1.065	1.094	1.125	1.141	1.169	1.174	1.180	1.197	1.208	1.209	1.206	1.198	1.192	1.175	1.152	1.131	1.097	1.063	1.042	1.012	0.984	0.963	0.923	0.888	0.851	0.826	0.784	0.741	0.707	0.659	0.620	0.595	0.551	0.511	0.483	0.445	0.406	0.380	0.342	0.305	0.268	0.243	0.211	0.185	0.172	0.147	0.126	0.114	0.102	0.090	0.077	0.067	0.059	0.053	0.054	0.039	0.034	0.023	0.024	0.023	0.019	0.018	0.019	0.026	0.023	0.022	0.020	0.020	0.015	0.011	0.013	0.011	0.016	0.016	0.014	0.016	0.020	0.014	0.011	0.010	0.006	0.007	0.006	0.002	0.007	0.009	0.013	0.014	0.009	0.003	0.000	0.003	-0.003	-0.001	-0.007	-0.004	-0.003	0.002	0.008	0.007	0.003
HL25	 Default 	 5/7/2015 	 10:41 AM 	 152.20 	  3.044 	  1.549 	   1.96 	   2.30 	  50.00 	  230 	  1.321 	  0.217 	 Measure 	 USB2G24694BA582 	 0.992095/0.42/128/24 	1.460	1.419	1.403	1.401	1.353	1.361	1.337	1.322	1.324	1.319	1.321	1.327	1.330	1.342	1.385	1.411	1.454	1.532	1.613	1.734	1.863	1.931	2.018	2.124	2.213	2.323	2.407	2.463	2.537	2.606	2.651	2.715	2.774	2.814	2.904	2.957	2.981	3.025	3.039	3.050	3.044	3.026	3.001	2.964	2.910	2.852	2.764	2.672	2.618	2.529	2.451	2.394	2.296	2.210	2.111	2.051	1.950	1.841	1.759	1.646	1.549	1.483	1.382	1.271	1.202	1.102	1.001	0.934	0.835	0.746	0.654	0.595	0.515	0.447	0.407	0.341	0.288	0.259	0.228	0.192	0.159	0.137	0.115	0.099	0.094	0.080	0.073	0.063	0.065	0.063	0.056	0.052	0.049	0.052	0.046	0.038	0.027	0.024	0.022	0.019	0.016	0.013	0.016	0.018	0.014	0.016	0.012	0.002	-0.001	-0.007	-0.008	-0.008	-0.006	-0.008	0.002	0.002	0.004	0.008	0.005	-0.001	0.000	0.001	-0.003	-0.002	-0.007	-0.005	-0.008	-0.005	-0.004	-0.004	-0.009
HL25	 Default 	 5/7/2015 	 10:42 AM 	 142.10 	  2.842 	  1.410 	   2.02 	   2.67 	  50.00 	  230 	  1.066 	 -0.304 	 Measure 	 USB2G24694BA582 	 0.992095/0.42/128/24 	1.461	1.393	1.311	1.283	1.234	1.131	1.103	1.081	1.064	1.065	1.066	1.064	1.067	1.093	1.130	1.164	1.226	1.302	1.377	1.508	1.621	1.688	1.781	1.879	1.969	2.082	2.179	2.236	2.322	2.401	2.444	2.520	2.591	2.646	2.715	2.763	2.792	2.830	2.850	2.842	2.842	2.818	2.801	2.768	2.713	2.655	2.572	2.499	2.449	2.376	2.306	2.247	2.158	2.074	1.982	1.917	1.806	1.696	1.617	1.507	1.410	1.348	1.244	1.134	1.065	0.969	0.873	0.807	0.705	0.619	0.530	0.472	0.393	0.320	0.280	0.218	0.170	0.146	0.114	0.082	0.057	0.040	0.018	-0.002	-0.009	-0.025	-0.028	-0.036	-0.034	-0.034	-0.032	-0.028	-0.027	-0.022	-0.025	-0.023	-0.026	-0.021	-0.020	-0.022	-0.020	-0.017	-0.012	-0.017	-0.016	-0.014	-0.013	-0.016	-0.012	-0.017	-0.015	-0.006	-0.005	-0.006	0.002	0.000	0.003	0.005	0.004	-0.001	0.000	0.002	-0.004	-0.002	-0.004	-0.001	0.000	0.003	0.004	0.009	0.008
HL25	 Default 	 5/7/2015 	 10:43 AM 	 128.42 	  2.568 	  1.290 	   1.99 	   2.29 	  50.00 	  230 	  1.122 	  0.097 	 Measure 	 USB2G24694BA582 	 0.992095/0.42/128/24 	1.346	1.297	1.297	1.265	1.231	1.196	1.168	1.133	1.124	1.128	1.122	1.120	1.126	1.144	1.175	1.206	1.245	1.302	1.371	1.481	1.568	1.615	1.696	1.782	1.859	1.946	2.022	2.066	2.132	2.194	2.230	2.283	2.336	2.378	2.435	2.479	2.504	2.548	2.570	2.571	2.568	2.546	2.530	2.496	2.448	2.396	2.312	2.241	2.196	2.130	2.064	2.015	1.926	1.854	1.777	1.719	1.628	1.530	1.464	1.370	1.290	1.233	1.138	1.049	0.990	0.904	0.817	0.760	0.666	0.596	0.523	0.469	0.401	0.343	0.306	0.252	0.212	0.187	0.154	0.125	0.102	0.086	0.068	0.052	0.049	0.036	0.031	0.022	0.025	0.021	0.021	0.023	0.022	0.027	0.024	0.023	0.015	0.015	0.010	0.006	0.002	-0.001	0.004	0.003	0.002	0.005	0.005	0.001	0.002	0.001	-0.004	0.001	0.002	0.000	0.005	0.002	0.005	0.008	0.005	-0.001	0.000	-0.002	-0.009	-0.004	-0.008	-0.010	-0.011	-0.009	-0.009	-0.008	-0.011
HL26	 Default 	 5/7/2015 	 10:44 AM 	 336.54 	  6.731 	  3.345 	   2.01 	   2.41 	  50.00 	  230 	  2.797 	 -0.006 	 Measure 	 USB2G24694BA582 	 0.992095/0.42/128/24 	3.217	3.081	2.946	2.857	2.817	2.788	2.790	2.786	2.771	2.772	2.797	2.826	2.849	2.905	2.991	3.077	3.221	3.393	3.560	3.845	4.081	4.224	4.433	4.672	4.861	5.112	5.323	5.447	5.632	5.795	5.895	6.025	6.159	6.236	6.361	6.468	6.536	6.671	6.722	6.737	6.731	6.704	6.663	6.580	6.437	6.288	6.078	5.885	5.766	5.586	5.417	5.297	5.092	4.892	4.679	4.530	4.278	4.017	3.827	3.571	3.345	3.193	2.956	2.713	2.564	2.346	2.133	1.978	1.751	1.555	1.360	1.225	1.031	0.865	0.765	0.627	0.514	0.452	0.374	0.306	0.249	0.214	0.166	0.128	0.108	0.075	0.058	0.037	0.031	0.025	0.022	0.023	0.026	0.034	0.030	0.031	0.024	0.020	0.012	0.009	0.008	0.009	0.014	0.016	0.013	0.014	0.018	0.012	0.012	0.008	0.003	0.004	0.005	0.002	0.005	0.003	0.004	0.004	0.001	-0.004	0.000	-0.001	-0.009	-0.008	-0.008	-0.004	-0.001	-0.001	0.004	0.006	0.005
HL27	 Default 	 5/7/2015 	 10:45 AM 	 377.31 	  7.546 	  3.813 	   1.98 	   2.32 	  50.00 	  230 	  3.251 	  0.086 	 Measure 	 USB2G24694BA582 	 0.992095/0.42/128/24 	3.601	3.483	3.406	3.403	3.344	3.278	3.275	3.260	3.237	3.242	3.251	3.261	3.290	3.344	3.421	3.507	3.645	3.826	4.003	4.304	4.571	4.719	4.945	5.213	5.435	5.712	5.949	6.085	6.281	6.471	6.584	6.730	6.869	6.976	7.120	7.240	7.339	7.502	7.553	7.558	7.546	7.496	7.451	7.339	7.164	6.998	6.785	6.587	6.463	6.270	6.092	5.961	5.740	5.522	5.282	5.118	4.852	4.554	4.355	4.075	3.813	3.648	3.384	3.113	2.941	2.704	2.448	2.269	2.017	1.789	1.564	1.408	1.188	0.999	0.888	0.736	0.610	0.538	0.449	0.370	0.299	0.257	0.205	0.161	0.139	0.106	0.086	0.069	0.065	0.056	0.048	0.043	0.043	0.046	0.042	0.034	0.023	0.023	0.021	0.019	0.014	0.017	0.020	0.023	0.019	0.022	0.021	0.013	0.010	0.003	-0.003	-0.002	-0.001	-0.004	0.001	0.002	0.006	0.005	0.003	-0.001	0.000	-0.001	-0.007	-0.004	-0.007	-0.003	-0.003	0.000	0.003	0.002	0.002
HL28	 Default 	 5/7/2015 	 10:46 AM 	 103.32 	  2.066 	  1.070 	   1.93 	   2.24 	  50.00 	  230 	  0.921 	  0.085 	 Measure 	 USB2G24694BA582 	 0.992095/0.42/128/24 	1.271	1.175	1.108	1.047	1.025	0.957	0.951	0.939	0.921	0.920	0.921	0.920	0.923	0.943	0.953	0.980	1.015	1.063	1.115	1.189	1.259	1.298	1.360	1.417	1.483	1.559	1.621	1.660	1.715	1.764	1.794	1.846	1.892	1.929	1.975	2.003	2.017	2.053	2.067	2.068	2.066	2.048	2.033	2.005	1.964	1.920	1.852	1.797	1.758	1.706	1.666	1.629	1.565	1.515	1.454	1.410	1.340	1.269	1.208	1.134	1.070	1.025	0.953	0.877	0.830	0.759	0.689	0.644	0.570	0.508	0.448	0.410	0.354	0.306	0.277	0.235	0.199	0.177	0.152	0.125	0.105	0.091	0.074	0.059	0.055	0.041	0.033	0.027	0.026	0.027	0.026	0.025	0.024	0.031	0.028	0.023	0.016	0.012	0.005	0.002	0.000	-0.001	0.005	0.010	0.008	0.013	0.014	0.007	0.006	-0.001	-0.004	-0.007	-0.010	-0.012	-0.006	-0.003	0.000	0.001	-0.001	-0.003	0.000	-0.003	-0.013	-0.013	-0.016	-0.014	-0.016	-0.014	-0.009	-0.006	-0.007
HL29	 Default 	 5/7/2015 	 10:47 AM 	  74.49 	  1.490 	  0.768 	   1.94 	   2.20 	  50.00 	  230 	  0.676 	  0.047 	 Measure 	 USB2G24694BA582 	 0.992095/0.42/128/24 	0.945	0.865	0.787	0.728	0.718	0.694	0.683	0.672	0.671	0.673	0.676	0.678	0.670	0.676	0.688	0.705	0.718	0.755	0.793	0.849	0.907	0.932	0.978	1.024	1.061	1.109	1.147	1.173	1.210	1.244	1.263	1.299	1.337	1.364	1.402	1.432	1.443	1.478	1.492	1.488	1.490	1.480	1.476	1.458	1.437	1.411	1.369	1.330	1.306	1.266	1.234	1.206	1.154	1.110	1.066	1.033	0.975	0.921	0.877	0.820	0.768	0.734	0.678	0.621	0.586	0.532	0.479	0.447	0.399	0.363	0.315	0.283	0.247	0.214	0.194	0.161	0.135	0.119	0.101	0.083	0.069	0.055	0.047	0.036	0.030	0.016	0.016	0.010	0.010	0.009	0.008	0.011	0.014	0.023	0.020	0.018	0.014	0.014	0.012	0.006	0.006	0.004	0.008	0.012	0.012	0.013	0.011	0.006	0.006	-0.001	-0.003	-0.008	-0.007	-0.008	-0.001	-0.001	0.001	0.006	0.000	-0.001	0.000	-0.002	-0.008	-0.008	-0.012	-0.009	-0.008	-0.004	0.001	0.003	0.001
HL30	 Default 	 5/7/2015 	 10:48 AM 	 274.08 	  5.482 	  2.804 	   1.95 	   2.26 	  50.00 	  230 	  2.427 	  0.207 	 Measure 	 USB2G24694BA582 	 0.992095/0.42/128/24 	2.571	2.506	2.535	2.522	2.486	2.450	2.444	2.441	2.435	2.431	2.427	2.426	2.441	2.464	2.519	2.580	2.665	2.798	2.935	3.157	3.352	3.467	3.622	3.812	3.977	4.176	4.340	4.439	4.581	4.708	4.799	4.908	5.025	5.109	5.223	5.302	5.357	5.470	5.501	5.499	5.482	5.447	5.411	5.346	5.228	5.110	4.944	4.803	4.705	4.561	4.437	4.339	4.183	4.027	3.857	3.734	3.543	3.337	3.188	2.991	2.804	2.684	2.490	2.299	2.173	1.996	1.810	1.681	1.494	1.331	1.168	1.052	0.894	0.762	0.679	0.572	0.480	0.431	0.369	0.312	0.258	0.225	0.187	0.150	0.134	0.106	0.088	0.069	0.068	0.061	0.053	0.049	0.049	0.055	0.050	0.047	0.038	0.036	0.032	0.033	0.030	0.030	0.031	0.034	0.031	0.036	0.033	0.023	0.021	0.013	0.008	0.005	0.004	0.003	0.006	0.005	0.007	0.009	0.009	0.003	0.000	-0.002	-0.007	-0.003	-0.006	-0.005	-0.005	-0.004	0.001	-0.001	-0.009
HL31	 Default 	 5/7/2015 	 10:50 AM 	  94.38 	  1.888 	  0.947 	   1.99 	   2.18 	  50.00 	  230 	  0.866 	  0.293 	 Measure 	 USB2G24694BA582 	 0.992095/0.42/128/24 	1.198	1.078	1.003	0.965	0.935	0.897	0.894	0.876	0.860	0.858	0.866	0.858	0.862	0.873	0.880	0.908	0.944	0.998	1.040	1.126	1.194	1.227	1.285	1.345	1.402	1.460	1.513	1.545	1.588	1.633	1.655	1.694	1.736	1.764	1.804	1.833	1.853	1.880	1.896	1.895	1.888	1.870	1.854	1.830	1.790	1.748	1.683	1.632	1.602	1.564	1.523	1.488	1.431	1.385	1.329	1.284	1.211	1.139	1.087	1.010	0.947	0.908	0.847	0.782	0.739	0.681	0.622	0.589	0.525	0.473	0.416	0.377	0.330	0.286	0.255	0.214	0.184	0.170	0.151	0.132	0.112	0.099	0.087	0.076	0.069	0.050	0.043	0.035	0.038	0.036	0.033	0.034	0.033	0.037	0.034	0.032	0.025	0.026	0.022	0.019	0.019	0.017	0.016	0.014	0.012	0.016	0.012	0.006	0.006	0.003	0.001	0.000	0.000	-0.002	0.004	0.006	0.007	0.009	0.008	0.004	0.000	0.001	-0.002	-0.003	-0.009	-0.010	-0.012	-0.009	-0.004	-0.007	-0.012
HL32	 Default 	 5/7/2015 	 10:51 AM 	 269.60 	  5.392 	  2.786 	   1.94 	   2.16 	  50.00 	  230 	  2.499 	  0.300 	 Measure 	 USB2G24694BA582 	 0.992095/0.42/128/24 	2.711	2.632	2.606	2.572	2.521	2.493	2.510	2.502	2.497	2.504	2.499	2.492	2.491	2.520	2.548	2.597	2.683	2.813	2.936	3.162	3.361	3.469	3.634	3.807	3.959	4.151	4.316	4.412	4.549	4.675	4.754	4.868	4.989	5.061	5.148	5.225	5.283	5.367	5.408	5.404	5.392	5.363	5.339	5.279	5.166	5.060	4.891	4.755	4.654	4.519	4.381	4.288	4.135	3.990	3.829	3.712	3.523	3.314	3.177	2.970	2.786	2.665	2.470	2.275	2.154	1.982	1.803	1.681	1.499	1.345	1.189	1.080	0.925	0.790	0.709	0.596	0.507	0.455	0.391	0.335	0.284	0.250	0.208	0.174	0.156	0.129	0.110	0.090	0.085	0.081	0.076	0.073	0.069	0.074	0.070	0.062	0.054	0.051	0.045	0.040	0.038	0.036	0.032	0.034	0.030	0.031	0.031	0.022	0.020	0.014	0.010	0.008	0.009	0.006	0.007	0.006	0.009	0.011	0.009	0.005	0.000	0.001	-0.005	-0.004	-0.008	-0.009	-0.011	-0.008	-0.004	-0.010	-0.018
NF1	 Default 	 5/7/2015 	 10:53 AM 	 330.81 	  6.616 	  3.396 	   1.95 	   2.32 	  50.00 	  230 	  2.851 	  0.025 	 Measure 	 USB2G24694BA582 	 0.992095/0.42/128/24 	3.230	3.179	3.113	3.058	3.002	2.911	2.909	2.882	2.852	2.845	2.851	2.872	2.885	2.923	2.993	3.066	3.189	3.355	3.512	3.779	4.027	4.160	4.351	4.581	4.774	5.030	5.234	5.355	5.527	5.692	5.791	5.919	6.041	6.111	6.242	6.347	6.415	6.548	6.607	6.613	6.616	6.582	6.545	6.463	6.331	6.202	5.998	5.828	5.712	5.542	5.383	5.265	5.077	4.885	4.680	4.535	4.306	4.052	3.880	3.632	3.396	3.252	3.011	2.768	2.609	2.390	2.162	2.004	1.775	1.574	1.378	1.239	1.049	0.884	0.778	0.643	0.533	0.472	0.394	0.324	0.260	0.222	0.177	0.136	0.118	0.084	0.064	0.046	0.039	0.033	0.026	0.026	0.023	0.028	0.025	0.022	0.018	0.019	0.014	0.012	0.012	0.012	0.013	0.015	0.011	0.013	0.010	-0.001	-0.003	-0.010	-0.011	-0.013	-0.015	-0.013	-0.005	-0.002	0.000	0.006	0.005	0.000	0.000	-0.002	-0.008	-0.007	-0.009	-0.005	-0.007	-0.004	0.002	0.002	-0.001
NF1	 Default 	 5/7/2015 	 10:54 AM 	 356.37 	  7.127 	  3.676 	   1.94 	   2.31 	  50.00 	  230 	  3.090 	  0.044 	 Measure 	 USB2G24694BA582 	 0.992095/0.42/128/24 	3.565	3.402	3.309	3.229	3.156	3.126	3.130	3.122	3.086	3.091	3.090	3.110	3.128	3.162	3.222	3.292	3.433	3.623	3.787	4.076	4.339	4.489	4.698	4.935	5.144	5.400	5.621	5.758	5.949	6.121	6.226	6.367	6.492	6.584	6.708	6.829	6.908	7.046	7.129	7.134	7.127	7.101	7.057	6.964	6.805	6.664	6.456	6.280	6.163	5.981	5.813	5.691	5.491	5.285	5.070	4.912	4.659	4.388	4.195	3.921	3.676	3.514	3.253	2.993	2.823	2.584	2.341	2.174	1.925	1.709	1.494	1.341	1.137	0.956	0.849	0.697	0.581	0.513	0.428	0.353	0.284	0.244	0.192	0.152	0.130	0.100	0.080	0.063	0.058	0.048	0.041	0.036	0.033	0.038	0.033	0.028	0.023	0.026	0.021	0.020	0.018	0.018	0.020	0.018	0.019	0.019	0.020	0.012	0.013	0.005	0.004	0.004	0.002	-0.001	0.005	0.005	0.006	0.010	0.007	0.003	0.000	-0.002	-0.011	-0.009	-0.012	-0.009	-0.010	-0.009	-0.002	-0.003	-0.008
NF2	 Default 	 5/7/2015 	 10:55 AM 	 210.64 	  4.213 	  2.199 	   1.92 	   2.35 	  50.00 	  230 	  1.790 	  0.043 	 Measure 	 USB2G24694BA582 	 0.992095/0.42/128/24 	2.066	2.057	1.953	1.921	1.883	1.837	1.822	1.794	1.781	1.780	1.790	1.795	1.808	1.833	1.870	1.923	1.991	2.096	2.196	2.357	2.521	2.607	2.727	2.880	3.005	3.157	3.289	3.375	3.479	3.589	3.656	3.748	3.843	3.907	4.005	4.064	4.111	4.183	4.213	4.213	4.213	4.193	4.170	4.121	4.037	3.956	3.838	3.722	3.655	3.545	3.446	3.376	3.255	3.142	3.014	2.927	2.773	2.615	2.502	2.344	2.199	2.099	1.938	1.786	1.685	1.542	1.395	1.294	1.143	1.018	0.892	0.800	0.682	0.572	0.505	0.415	0.346	0.307	0.258	0.214	0.170	0.147	0.121	0.097	0.083	0.058	0.046	0.032	0.030	0.027	0.021	0.021	0.022	0.026	0.024	0.023	0.017	0.019	0.014	0.010	0.010	0.015	0.016	0.019	0.019	0.021	0.023	0.018	0.016	0.007	0.006	0.005	0.003	-0.003	0.001	-0.002	0.000	0.003	0.001	-0.002	0.000	0.001	-0.005	-0.001	0.001	0.003	0.002	0.006	0.008	0.009	0.005
NF3	 Default 	 5/7/2015 	 10:56 AM 	 242.37 	  4.847 	  2.514 	   1.93 	   2.21 	  50.00 	  230 	  2.196 	  0.254 	 Measure 	 USB2G24694BA582 	 0.992095/0.42/128/24 	2.433	2.365	2.362	2.319	2.269	2.245	2.245	2.228	2.214	2.206	2.196	2.208	2.215	2.246	2.283	2.331	2.405	2.524	2.640	2.825	2.996	3.078	3.229	3.391	3.529	3.699	3.849	3.938	4.063	4.193	4.260	4.368	4.468	4.547	4.636	4.705	4.759	4.828	4.855	4.853	4.847	4.818	4.786	4.729	4.633	4.536	4.396	4.270	4.195	4.079	3.967	3.888	3.741	3.608	3.460	3.356	3.180	2.990	2.864	2.678	2.514	2.405	2.230	2.062	1.951	1.796	1.631	1.521	1.352	1.210	1.063	0.960	0.827	0.704	0.630	0.535	0.456	0.409	0.355	0.301	0.251	0.221	0.184	0.154	0.141	0.114	0.098	0.083	0.082	0.077	0.068	0.062	0.058	0.061	0.055	0.051	0.042	0.045	0.039	0.038	0.035	0.034	0.035	0.036	0.033	0.035	0.033	0.026	0.024	0.017	0.016	0.012	0.012	0.008	0.012	0.009	0.012	0.013	0.008	0.002	0.000	-0.002	-0.008	-0.006	-0.014	-0.013	-0.013	-0.009	-0.004	-0.007	-0.010
NF4	 Default 	 5/7/2015 	 10:57 AM 	 207.32 	  4.146 	  2.201 	   1.88 	   2.00 	  50.00 	  230 	  2.077 	  2.737 	 Measure 	 USB2G24694BA582 	 0.992095/0.42/128/24 	2.008	1.898	1.850	1.898	1.906	1.974	2.044	2.079	2.057	2.064	2.077	2.081	2.094	2.099	2.117	2.136	2.213	2.293	2.406	2.572	2.716	2.793	2.918	3.040	3.162	3.306	3.420	3.489	3.579	3.671	3.725	3.812	3.876	3.914	3.962	4.029	4.077	4.143	4.170	4.155	4.146	4.124	4.119	4.056	3.967	3.880	3.747	3.658	3.605	3.495	3.389	3.319	3.200	3.089	2.972	2.886	2.738	2.581	2.483	2.338	2.201	2.109	1.960	1.821	1.730	1.605	1.460	1.368	1.240	1.124	1.011	0.933	0.827	0.735	0.678	0.597	0.530	0.494	0.443	0.392	0.345	0.315	0.281	0.250	0.231	0.201	0.187	0.172	0.168	0.158	0.147	0.142	0.133	0.131	0.125	0.115	0.108	0.110	0.106	0.099	0.104	0.103	0.100	0.092	0.088	0.086	0.080	0.070	0.060	0.049	0.047	0.035	0.031	0.023	0.025	0.016	0.015	0.011	0.007	0.005	0.000	-0.003	-0.016	-0.015	-0.021	-0.021	-0.028	-0.029	-0.025	-0.028	-0.035
NF5	 Default 	 5/7/2015 	 10:58 AM 	 323.45 	  6.469 	  3.368 	   1.92 	   2.11 	  50.00 	  230 	  3.066 	  0.363 	 Measure 	 USB2G24694BA582 	 0.992095/0.42/128/24 	3.127	3.089	3.096	3.066	3.018	3.010	3.071	3.063	3.057	3.068	3.066	3.086	3.096	3.122	3.165	3.220	3.316	3.470	3.612	3.844	4.082	4.212	4.392	4.615	4.795	5.030	5.225	5.347	5.492	5.653	5.750	5.877	6.003	6.078	6.182	6.268	6.347	6.446	6.491	6.489	6.469	6.425	6.390	6.301	6.161	6.039	5.835	5.672	5.562	5.414	5.267	5.155	4.977	4.796	4.602	4.466	4.250	4.001	3.831	3.589	3.368	3.223	2.996	2.762	2.611	2.403	2.185	2.037	1.822	1.632	1.441	1.308	1.124	0.964	0.866	0.728	0.619	0.558	0.484	0.412	0.346	0.307	0.259	0.217	0.197	0.159	0.136	0.123	0.120	0.110	0.100	0.097	0.096	0.097	0.092	0.083	0.072	0.074	0.068	0.060	0.056	0.056	0.052	0.053	0.050	0.049	0.046	0.038	0.035	0.026	0.021	0.021	0.016	0.010	0.016	0.014	0.012	0.015	0.010	0.003	0.000	-0.006	-0.012	-0.011	-0.013	-0.012	-0.015	-0.013	-0.010	-0.014	-0.020
NF6	 Default 	 5/7/2015 	 10:59 AM 	 317.97 	  6.359 	  3.327 	   1.91 	   2.35 	  50.00 	  230 	  2.711 	  0.065 	 Measure 	 USB2G24694BA582 	 0.992095/0.42/128/24 	2.844	2.733	2.759	2.722	2.708	2.679	2.715	2.726	2.708	2.711	2.711	2.728	2.747	2.793	2.847	2.901	3.016	3.181	3.333	3.583	3.819	3.949	4.138	4.368	4.564	4.812	5.020	5.150	5.325	5.490	5.591	5.730	5.855	5.935	6.035	6.125	6.198	6.313	6.358	6.362	6.359	6.342	6.314	6.241	6.108	5.994	5.817	5.665	5.551	5.381	5.235	5.124	4.935	4.755	4.557	4.415	4.196	3.952	3.781	3.543	3.327	3.178	2.946	2.712	2.560	2.346	2.125	1.970	1.745	1.552	1.353	1.213	1.023	0.856	0.756	0.616	0.503	0.441	0.364	0.296	0.234	0.196	0.147	0.111	0.096	0.064	0.049	0.033	0.029	0.025	0.020	0.019	0.015	0.021	0.013	0.007	0.001	0.000	-0.003	-0.007	-0.006	-0.005	-0.001	0.004	0.004	0.007	0.007	0.003	0.003	-0.002	-0.004	-0.006	-0.007	-0.006	0.002	-0.001	0.002	0.003	0.002	0.000	0.000	-0.006	-0.016	-0.017	-0.021	-0.019	-0.022	-0.018	-0.015	-0.013	-0.012
NF6	 Default 	 5/7/2015 	 11:00 AM 	 270.17 	  5.403 	  2.794 	   1.93 	   2.38 	  50.00 	  230 	  2.271 	  0.077 	 Measure 	 USB2G24694BA582 	 0.992095/0.42/128/24 	2.742	2.610	2.473	2.405	2.326	2.297	2.286	2.278	2.257	2.268	2.271	2.285	2.300	2.339	2.383	2.434	2.543	2.676	2.805	3.027	3.216	3.324	3.492	3.671	3.830	4.037	4.206	4.303	4.449	4.589	4.670	4.793	4.909	4.979	5.099	5.190	5.256	5.351	5.401	5.404	5.403	5.375	5.343	5.275	5.161	5.056	4.885	4.743	4.646	4.508	4.380	4.296	4.141	3.993	3.836	3.722	3.530	3.322	3.178	2.974	2.794	2.675	2.479	2.277	2.146	1.968	1.782	1.653	1.461	1.299	1.132	1.018	0.866	0.727	0.644	0.529	0.438	0.385	0.322	0.265	0.212	0.180	0.138	0.107	0.090	0.061	0.044	0.031	0.027	0.019	0.013	0.011	0.014	0.016	0.013	0.009	0.007	0.011	0.005	0.001	0.003	0.003	0.004	0.003	0.000	0.002	0.001	-0.006	-0.009	-0.009	-0.012	-0.008	-0.006	-0.006	0.002	0.004	0.005	0.010	0.010	0.004	0.000	0.001	-0.005	-0.004	-0.009	-0.014	-0.015	-0.014	-0.010	-0.011	-0.016
NF7	 Default 	 5/7/2015 	 11:01 AM 	 191.55 	  3.831 	  1.985 	   1.93 	   2.27 	  50.00 	  230 	  1.686 	  0.070 	 Measure 	 USB2G24694BA582 	 0.992095/0.42/128/24 	2.174	2.017	1.910	1.873	1.804	1.752	1.741	1.702	1.690	1.686	1.686	1.683	1.682	1.696	1.725	1.760	1.814	1.909	2.002	2.147	2.299	2.372	2.483	2.610	2.726	2.866	2.980	3.053	3.149	3.247	3.309	3.394	3.483	3.543	3.639	3.711	3.752	3.817	3.837	3.837	3.831	3.805	3.781	3.735	3.658	3.578	3.471	3.368	3.302	3.209	3.107	3.043	2.930	2.824	2.709	2.632	2.492	2.348	2.253	2.111	1.985	1.899	1.762	1.621	1.531	1.402	1.272	1.183	1.047	0.937	0.825	0.745	0.637	0.542	0.484	0.400	0.333	0.297	0.251	0.209	0.174	0.150	0.125	0.103	0.092	0.068	0.053	0.043	0.042	0.038	0.028	0.025	0.027	0.032	0.029	0.023	0.015	0.018	0.016	0.016	0.018	0.020	0.023	0.022	0.020	0.022	0.020	0.012	0.008	-0.001	-0.001	-0.001	-0.001	0.000	0.005	0.005	0.009	0.011	0.004	0.000	0.000	-0.002	-0.006	-0.005	-0.007	-0.003	-0.005	-0.004	-0.003	-0.004	-0.009
NF8	 Default 	 5/7/2015 	 11:02 AM 	 361.84 	  7.237 	  3.677 	   1.97 	   2.33 	  50.00 	  230 	  3.102 	  0.040 	 Measure 	 USB2G24694BA582 	 0.992095/0.42/128/24 	3.444	3.346	3.344	3.251	3.165	3.104	3.126	3.106	3.111	3.102	3.102	3.128	3.150	3.194	3.262	3.339	3.458	3.649	3.829	4.120	4.396	4.541	4.758	5.019	5.234	5.503	5.719	5.852	6.036	6.219	6.333	6.482	6.621	6.708	6.861	6.973	7.050	7.191	7.249	7.242	7.237	7.182	7.148	7.065	6.909	6.740	6.521	6.329	6.202	6.025	5.843	5.711	5.496	5.304	5.081	4.922	4.677	4.397	4.199	3.920	3.677	3.507	3.241	2.983	2.811	2.573	2.344	2.179	1.935	1.724	1.512	1.359	1.151	0.968	0.851	0.700	0.580	0.513	0.429	0.358	0.289	0.250	0.205	0.160	0.134	0.099	0.074	0.054	0.046	0.036	0.029	0.023	0.022	0.025	0.020	0.014	0.012	0.014	0.010	0.008	0.009	0.010	0.013	0.014	0.011	0.014	0.015	0.013	0.010	0.005	0.001	-0.002	-0.002	-0.006	-0.004	-0.002	0.003	0.006	0.002	-0.001	0.000	0.001	-0.003	-0.005	-0.008	-0.004	-0.003	-0.002	0.004	0.003	0.001
NF9	 Default 	 5/7/2015 	 11:03 AM 	 166.86 	  3.337 	  1.677 	   1.99 	   2.31 	  50.00 	  230 	  1.447 	  0.074 	 Measure 	 USB2G24694BA582 	 0.992095/0.42/128/24 	1.771	1.691	1.630	1.598	1.560	1.494	1.483	1.456	1.440	1.447	1.447	1.462	1.467	1.497	1.535	1.584	1.642	1.732	1.819	1.946	2.073	2.134	2.225	2.331	2.426	2.538	2.633	2.691	2.771	2.859	2.914	2.987	3.072	3.120	3.200	3.251	3.289	3.331	3.349	3.345	3.337	3.316	3.296	3.248	3.172	3.103	2.995	2.900	2.840	2.751	2.671	2.617	2.521	2.426	2.327	2.254	2.128	2.001	1.913	1.779	1.677	1.605	1.483	1.372	1.301	1.191	1.086	1.013	0.897	0.805	0.713	0.641	0.553	0.473	0.422	0.347	0.295	0.263	0.226	0.191	0.157	0.135	0.113	0.095	0.086	0.062	0.050	0.043	0.039	0.039	0.034	0.035	0.035	0.038	0.035	0.030	0.022	0.022	0.019	0.011	0.013	0.015	0.015	0.017	0.017	0.022	0.020	0.013	0.010	0.003	0.001	-0.001	-0.003	-0.006	0.002	0.003	0.007	0.011	0.006	0.002	0.000	-0.002	-0.011	-0.008	-0.011	-0.008	-0.007	-0.004	0.000	0.001	-0.002
NF10	 Default 	 5/7/2015 	 11:05 AM 	 124.73 	  2.495 	  1.255 	   1.99 	   2.22 	  50.00 	  230 	  1.125 	  0.135 	 Measure 	 USB2G24694BA582 	 0.992095/0.42/128/24 	1.458	1.380	1.300	1.254	1.194	1.141	1.135	1.128	1.120	1.120	1.125	1.124	1.129	1.145	1.178	1.203	1.239	1.303	1.371	1.475	1.567	1.611	1.675	1.754	1.825	1.903	1.978	2.022	2.085	2.145	2.181	2.238	2.300	2.347	2.401	2.430	2.452	2.492	2.508	2.505	2.495	2.469	2.455	2.422	2.366	2.313	2.231	2.165	2.119	2.062	2.000	1.950	1.878	1.811	1.738	1.684	1.590	1.495	1.428	1.336	1.255	1.198	1.106	1.016	0.960	0.879	0.803	0.748	0.662	0.594	0.526	0.478	0.410	0.351	0.311	0.261	0.219	0.197	0.169	0.142	0.118	0.103	0.087	0.069	0.062	0.044	0.035	0.024	0.022	0.018	0.011	0.016	0.013	0.017	0.013	0.010	0.011	0.015	0.012	0.003	0.007	0.006	0.007	0.007	-0.001	-0.001	-0.001	-0.005	-0.009	-0.013	-0.014	-0.015	-0.012	-0.012	-0.004	-0.002	0.003	0.006	0.005	0.001	0.000	-0.001	-0.008	-0.009	-0.018	-0.017	-0.020	-0.017	-0.013	-0.017	-0.022
NF11	 Default 	 5/7/2015 	 11:06 AM 	 447.26 	  8.945 	  4.552 	   1.97 	   2.25 	  50.00 	  230 	  3.982 	  0.394 	 Measure 	 USB2G24694BA582 	 0.992095/0.42/128/24 	3.896	3.904	3.966	3.890	3.879	3.892	3.942	3.957	3.950	3.962	3.982	4.032	4.059	4.119	4.197	4.289	4.447	4.666	4.856	5.225	5.539	5.725	5.993	6.291	6.544	6.874	7.152	7.296	7.516	7.724	7.842	8.000	8.153	8.250	8.392	8.573	8.687	8.876	8.977	8.969	8.945	8.877	8.833	8.701	8.517	8.313	8.031	7.808	7.660	7.450	7.220	7.072	6.805	6.560	6.278	6.086	5.779	5.428	5.195	4.848	4.552	4.347	4.031	3.712	3.507	3.221	2.931	2.724	2.425	2.166	1.905	1.720	1.468	1.251	1.122	0.942	0.792	0.709	0.603	0.513	0.427	0.373	0.302	0.244	0.218	0.175	0.145	0.114	0.104	0.095	0.082	0.078	0.074	0.080	0.076	0.072	0.062	0.059	0.056	0.048	0.046	0.039	0.037	0.037	0.038	0.039	0.038	0.032	0.026	0.023	0.019	0.018	0.017	0.015	0.017	0.015	0.017	0.011	0.006	0.000	0.000	-0.001	-0.008	-0.009	-0.013	-0.010	-0.011	-0.012	-0.014	-0.019	-0.025
NF12	 Default 	 5/7/2015 	 11:07 AM 	  93.36 	  1.867 	  0.963 	   1.94 	   2.08 	  50.00 	  230 	  0.896 	  0.138 	 Measure 	 USB2G24694BA582 	 0.992095/0.42/128/24 	1.179	1.160	1.105	1.071	1.019	0.959	0.932	0.914	0.888	0.890	0.896	0.884	0.889	0.897	0.913	0.924	0.954	1.002	1.045	1.117	1.184	1.217	1.272	1.330	1.389	1.450	1.499	1.534	1.584	1.627	1.648	1.693	1.726	1.752	1.797	1.814	1.830	1.865	1.877	1.872	1.867	1.851	1.839	1.822	1.785	1.745	1.690	1.643	1.614	1.565	1.513	1.475	1.417	1.367	1.312	1.274	1.204	1.140	1.092	1.021	0.963	0.922	0.854	0.788	0.744	0.683	0.624	0.584	0.521	0.466	0.409	0.370	0.324	0.280	0.255	0.216	0.186	0.169	0.148	0.131	0.106	0.094	0.078	0.068	0.063	0.048	0.041	0.030	0.032	0.027	0.024	0.020	0.022	0.024	0.021	0.020	0.015	0.015	0.015	0.014	0.014	0.020	0.019	0.021	0.022	0.023	0.022	0.012	0.009	0.003	0.000	0.000	-0.001	-0.003	0.004	0.008	0.008	0.011	0.009	0.003	0.000	-0.002	-0.009	-0.009	-0.014	-0.011	-0.013	-0.008	-0.004	-0.009	-0.014
NF13	 Default 	 5/7/2015 	 11:08 AM 	 277.00 	  5.540 	  2.847 	   1.95 	   2.18 	  50.00 	  230 	  2.547 	  0.231 	 Measure 	 USB2G24694BA582 	 0.992095/0.42/128/24 	2.880	2.779	2.762	2.727	2.661	2.632	2.599	2.578	2.555	2.554	2.547	2.556	2.569	2.586	2.637	2.676	2.762	2.906	3.032	3.240	3.424	3.535	3.697	3.890	4.051	4.239	4.410	4.508	4.654	4.785	4.867	4.967	5.089	5.164	5.264	5.353	5.415	5.520	5.556	5.556	5.540	5.505	5.470	5.395	5.277	5.153	4.989	4.842	4.742	4.603	4.476	4.383	4.218	4.069	3.898	3.784	3.596	3.385	3.235	3.027	2.847	2.723	2.527	2.329	2.200	2.023	1.839	1.717	1.529	1.368	1.206	1.093	0.937	0.800	0.718	0.600	0.505	0.454	0.391	0.334	0.279	0.246	0.201	0.168	0.154	0.127	0.109	0.090	0.082	0.076	0.069	0.068	0.059	0.061	0.058	0.052	0.048	0.046	0.045	0.039	0.041	0.040	0.041	0.041	0.040	0.040	0.036	0.029	0.025	0.015	0.008	0.004	0.003	0.001	0.008	0.008	0.011	0.013	0.010	0.005	0.000	-0.002	-0.010	-0.011	-0.016	-0.014	-0.017	-0.015	-0.010	-0.012	-0.017
NF14	 Default 	 5/7/2015 	 11:09 AM 	 298.50 	  5.970 	  2.983 	   2.00 	   2.32 	  50.00 	  230 	  2.576 	  0.053 	 Measure 	 USB2G24694BA582 	 0.992095/0.42/128/24 	2.814	2.689	2.665	2.651	2.614	2.622	2.612	2.582	2.567	2.573	2.576	2.574	2.588	2.605	2.658	2.722	2.827	2.977	3.125	3.389	3.624	3.745	3.923	4.127	4.306	4.531	4.715	4.819	4.979	5.132	5.231	5.357	5.479	5.561	5.689	5.781	5.834	5.940	5.977	5.980	5.970	5.924	5.878	5.801	5.669	5.546	5.359	5.205	5.096	4.945	4.809	4.705	4.530	4.352	4.161	4.029	3.819	3.584	3.422	3.188	2.983	2.851	2.643	2.431	2.292	2.100	1.907	1.774	1.582	1.411	1.239	1.120	0.956	0.809	0.721	0.594	0.492	0.438	0.370	0.308	0.249	0.214	0.170	0.138	0.121	0.089	0.067	0.050	0.045	0.039	0.032	0.028	0.027	0.029	0.026	0.023	0.023	0.025	0.021	0.016	0.018	0.021	0.022	0.019	0.015	0.017	0.015	0.012	0.008	0.001	-0.002	-0.004	-0.003	-0.007	-0.001	-0.002	0.003	0.008	0.005	0.002	0.000	0.001	-0.005	-0.002	-0.004	-0.005	-0.005	-0.002	0.002	-0.001	-0.007
NF15	 Default 	 5/7/2015 	 11:10 AM 	 155.67 	  3.113 	  1.569 	   1.98 	   2.30 	  50.00 	  230 	  1.352 	  0.051 	 Measure 	 USB2G24694BA582 	 0.992095/0.42/128/24 	1.712	1.609	1.560	1.492	1.448	1.394	1.391	1.365	1.346	1.347	1.352	1.363	1.364	1.386	1.416	1.454	1.511	1.583	1.659	1.781	1.900	1.965	2.066	2.160	2.257	2.366	2.461	2.517	2.600	2.672	2.717	2.794	2.866	2.918	2.992	3.038	3.063	3.111	3.125	3.120	3.113	3.092	3.071	3.034	2.972	2.906	2.807	2.721	2.662	2.576	2.498	2.440	2.340	2.257	2.164	2.100	1.989	1.868	1.785	1.671	1.569	1.496	1.386	1.272	1.202	1.103	1.004	0.933	0.830	0.743	0.653	0.592	0.507	0.427	0.379	0.316	0.261	0.232	0.198	0.164	0.134	0.118	0.097	0.079	0.072	0.054	0.039	0.031	0.028	0.026	0.020	0.020	0.016	0.020	0.019	0.014	0.011	0.012	0.012	0.007	0.013	0.013	0.015	0.014	0.012	0.013	0.010	0.004	-0.001	-0.006	-0.009	-0.006	-0.006	-0.009	0.000	0.000	0.006	0.009	0.007	0.002	0.000	0.003	-0.005	-0.003	-0.008	-0.003	-0.003	-0.001	0.003	0.000	-0.008
NF16	 Default 	 5/7/2015 	 11:11 AM 	 135.04 	  2.701 	  1.396 	   1.94 	   2.15 	  50.00 	  230 	  1.258 	  0.139 	 Measure 	 USB2G24694BA582 	 0.992095/0.42/128/24 	1.591	1.524	1.472	1.423	1.355	1.311	1.298	1.284	1.260	1.264	1.258	1.247	1.253	1.259	1.274	1.295	1.341	1.406	1.469	1.580	1.679	1.732	1.811	1.894	1.975	2.070	2.151	2.198	2.266	2.331	2.367	2.432	2.489	2.527	2.584	2.621	2.650	2.684	2.708	2.708	2.701	2.682	2.667	2.636	2.572	2.521	2.435	2.360	2.313	2.250	2.185	2.135	2.063	1.994	1.915	1.862	1.765	1.660	1.589	1.487	1.396	1.333	1.231	1.137	1.075	0.991	0.902	0.840	0.749	0.675	0.599	0.541	0.462	0.399	0.358	0.300	0.252	0.225	0.192	0.166	0.139	0.121	0.101	0.082	0.076	0.057	0.044	0.032	0.031	0.028	0.023	0.023	0.025	0.031	0.033	0.034	0.030	0.032	0.029	0.024	0.022	0.020	0.016	0.018	0.015	0.016	0.015	0.008	0.004	0.000	-0.002	-0.007	-0.006	-0.008	-0.001	0.000	0.003	0.005	0.003	0.000	0.000	0.000	0.001	0.004	-0.001	0.001	-0.001	0.000	0.002	-0.002	-0.013
NF17	 Default 	 5/7/2015 	 11:13 AM 	  52.70 	  1.054 	  0.559 	   1.88 	   2.14 	  50.00 	  230 	  0.492 	  0.038 	 Measure 	 USB2G24694BA582 	 0.992095/0.42/128/24 	0.808	0.716	0.661	0.640	0.573	0.527	0.515	0.503	0.491	0.491	0.492	0.484	0.489	0.492	0.504	0.512	0.525	0.550	0.577	0.609	0.656	0.674	0.702	0.735	0.771	0.803	0.831	0.856	0.880	0.903	0.919	0.942	0.960	0.978	1.003	1.016	1.024	1.037	1.054	1.054	1.054	1.041	1.039	1.035	1.018	1.000	0.961	0.932	0.917	0.896	0.874	0.849	0.818	0.797	0.765	0.744	0.707	0.665	0.635	0.594	0.559	0.533	0.499	0.458	0.429	0.393	0.357	0.335	0.297	0.266	0.232	0.213	0.191	0.169	0.154	0.131	0.111	0.100	0.087	0.074	0.062	0.050	0.041	0.035	0.033	0.021	0.011	0.004	0.005	0.005	0.001	-0.002	0.001	0.008	0.009	0.009	0.006	0.009	0.004	0.000	-0.003	0.002	0.000	0.002	-0.003	-0.001	0.004	-0.001	-0.005	-0.006	-0.005	-0.008	-0.004	-0.004	0.002	0.005	0.006	0.010	0.004	0.004	0.000	0.001	0.000	0.002	-0.003	-0.003	-0.004	-0.004	-0.004	-0.007	-0.015
NF18	 Default 	 5/7/2015 	 11:14 AM 	 292.28 	  5.846 	  2.973 	   1.97 	   2.21 	  50.00 	  230 	  2.646 	  0.311 	 Measure 	 USB2G24694BA582 	 0.992095/0.42/128/24 	2.869	2.778	2.731	2.707	2.655	2.666	2.664	2.658	2.633	2.638	2.646	2.661	2.676	2.700	2.756	2.813	2.915	3.057	3.185	3.413	3.622	3.744	3.913	4.112	4.284	4.488	4.666	4.766	4.921	5.065	5.147	5.259	5.384	5.463	5.566	5.660	5.718	5.814	5.850	5.857	5.846	5.817	5.790	5.719	5.587	5.468	5.297	5.129	5.027	4.868	4.728	4.625	4.453	4.289	4.104	3.984	3.779	3.550	3.389	3.170	2.973	2.845	2.637	2.427	2.291	2.109	1.922	1.785	1.589	1.417	1.247	1.127	0.959	0.820	0.730	0.607	0.512	0.457	0.389	0.333	0.283	0.246	0.204	0.168	0.151	0.124	0.105	0.083	0.076	0.070	0.062	0.060	0.054	0.055	0.050	0.044	0.039	0.034	0.029	0.024	0.022	0.018	0.016	0.017	0.012	0.013	0.012	0.009	0.007	0.007	0.004	0.000	0.001	0.003	0.008	0.005	0.006	0.007	0.003	0.003	0.000	-0.005	-0.008	-0.009	-0.013	-0.015	-0.016	-0.018	-0.018	-0.018	-0.027
NF19	 Default 	 5/7/2015 	 11:15 AM 	  90.20 	  1.804 	  0.934 	   1.93 	   2.25 	  50.00 	  230 	  0.801 	  0.049 	 Measure 	 USB2G24694BA582 	 0.992095/0.42/128/24 	1.140	1.006	0.977	0.931	0.901	0.845	0.830	0.810	0.792	0.801	0.801	0.798	0.804	0.812	0.839	0.860	0.898	0.941	0.990	1.068	1.123	1.161	1.213	1.265	1.316	1.379	1.429	1.464	1.514	1.554	1.577	1.625	1.670	1.691	1.737	1.757	1.763	1.796	1.812	1.810	1.804	1.791	1.776	1.756	1.721	1.684	1.630	1.573	1.544	1.502	1.465	1.432	1.383	1.337	1.281	1.247	1.182	1.110	1.062	0.992	0.934	0.896	0.836	0.766	0.723	0.662	0.604	0.564	0.500	0.443	0.393	0.357	0.311	0.269	0.244	0.200	0.172	0.154	0.131	0.109	0.094	0.083	0.069	0.059	0.057	0.038	0.030	0.019	0.018	0.013	0.010	0.008	0.011	0.025	0.025	0.025	0.023	0.024	0.020	0.018	0.016	0.011	0.009	0.008	0.003	0.005	0.005	-0.002	-0.005	-0.009	-0.010	-0.008	-0.005	-0.006	-0.002	-0.001	0.003	0.006	0.002	0.000	0.000	0.003	0.000	0.005	0.001	0.003	0.002	0.003	0.002	-0.002	-0.010
NF20	 Default 	 5/7/2015 	 11:16 AM 	 374.23 	  7.485 	  3.772 	   1.98 	   2.36 	  50.00 	  230 	  3.176 	  0.034 	 Measure 	 USB2G24694BA582 	 0.992095/0.42/128/24 	3.271	3.268	3.256	3.180	3.133	3.113	3.139	3.163	3.161	3.174	3.176	3.196	3.241	3.290	3.362	3.438	3.563	3.752	3.938	4.279	4.549	4.711	4.945	5.223	5.445	5.720	5.951	6.072	6.258	6.448	6.565	6.699	6.842	6.924	7.053	7.173	7.270	7.428	7.496	7.503	7.485	7.456	7.408	7.319	7.139	6.967	6.727	6.532	6.405	6.222	6.055	5.920	5.706	5.500	5.261	5.093	4.827	4.530	4.321	4.040	3.772	3.602	3.338	3.063	2.891	2.648	2.403	2.229	1.986	1.771	1.557	1.401	1.187	1.005	0.893	0.736	0.612	0.541	0.453	0.380	0.312	0.265	0.213	0.172	0.148	0.109	0.083	0.062	0.051	0.044	0.034	0.032	0.030	0.038	0.035	0.032	0.032	0.028	0.025	0.022	0.017	0.016	0.018	0.017	0.013	0.014	0.015	0.010	0.010	0.004	-0.001	0.002	0.004	0.003	0.006	0.008	0.011	0.013	0.008	0.004	0.000	0.000	-0.003	0.000	-0.002	0.000	0.001	0.003	0.006	0.003	-0.004
NF20	 Default 	 5/7/2015 	 11:17 AM 	 876.31 	 17.526 	  8.649 	   2.03 	   2.24 	  50.00 	  230 	  7.826 	  0.316 	 Measure 	 USB2G24694BA582 	 0.992095/0.42/128/24 	11.078	10.429	9.941	9.640	9.052	8.506	8.148	7.923	7.849	7.838	7.826	7.873	7.929	8.038	8.314	8.540	8.932	9.329	9.676	10.331	10.890	11.282	11.746	12.337	12.781	13.405	13.929	14.249	14.707	15.106	15.389	15.751	16.186	16.473	16.871	17.134	17.305	17.552	17.619	17.604	17.526	17.399	17.289	17.047	16.629	16.293	15.737	15.225	14.880	14.379	13.917	13.616	13.100	12.576	12.006	11.619	11.041	10.361	9.902	9.248	8.649	8.263	7.673	7.060	6.655	6.107	5.529	5.127	4.574	4.067	3.570	3.222	2.707	2.261	1.991	1.644	1.365	1.200	1.000	0.827	0.693	0.615	0.513	0.413	0.350	0.307	0.243	0.220	0.190	0.155	0.142	0.130	0.098	0.086	0.084	0.076	0.070	0.062	0.063	0.062	0.067	0.055	0.036	0.015	0.010	0.004	-0.006	-0.006	-0.002	0.019	0.020	0.024	0.013	0.013	0.006	-0.008	-0.018	-0.021	-0.013	-0.010	0.000	-0.006	-0.007	-0.004	-0.006	-0.020	-0.013	-0.017	-0.034	-0.038	-0.032
NF21	 Default 	 5/7/2015 	 11:18 AM 	 233.53 	  4.671 	  2.416 	   1.93 	   2.37 	  50.00 	  230 	  1.971 	  0.057 	 Measure 	 USB2G24694BA582 	 0.992095/0.42/128/24 	2.338	2.227	2.169	2.086	2.040	1.993	1.992	1.982	1.967	1.971	1.971	1.993	2.000	2.022	2.065	2.119	2.207	2.319	2.431	2.615	2.785	2.884	3.020	3.188	3.320	3.488	3.629	3.717	3.841	3.962	4.035	4.127	4.238	4.320	4.429	4.516	4.571	4.654	4.685	4.688	4.671	4.644	4.621	4.552	4.457	4.361	4.228	4.103	4.027	3.906	3.796	3.712	3.572	3.444	3.306	3.204	3.037	2.866	2.739	2.572	2.416	2.309	2.141	1.975	1.867	1.709	1.547	1.436	1.269	1.128	0.987	0.888	0.750	0.628	0.559	0.460	0.384	0.342	0.285	0.239	0.196	0.175	0.141	0.112	0.103	0.076	0.063	0.046	0.044	0.037	0.034	0.032	0.031	0.036	0.033	0.031	0.026	0.026	0.023	0.019	0.020	0.018	0.022	0.023	0.022	0.024	0.022	0.017	0.014	0.010	0.006	0.005	0.005	0.003	0.009	0.010	0.012	0.014	0.008	0.003	0.000	-0.002	-0.011	-0.011	-0.013	-0.005	-0.005	0.001	0.002	0.006	0.000
NF22	 Default 	 5/7/2015 	 11:19 AM 	  86.59 	  1.732 	  0.893 	   1.94 	   2.35 	  50.00 	  230 	  0.736 	  0.018 	 Measure 	 USB2G24694BA582 	 0.992095/0.42/128/24 	1.060	0.965	0.919	0.881	0.839	0.796	0.789	0.758	0.738	0.740	0.736	0.729	0.736	0.750	0.757	0.781	0.819	0.870	0.912	0.985	1.045	1.077	1.130	1.189	1.245	1.308	1.360	1.396	1.444	1.488	1.514	1.556	1.594	1.614	1.657	1.680	1.696	1.729	1.741	1.735	1.732	1.727	1.718	1.695	1.663	1.625	1.577	1.534	1.509	1.464	1.423	1.389	1.332	1.288	1.233	1.200	1.135	1.065	1.017	0.950	0.893	0.853	0.789	0.720	0.676	0.616	0.563	0.521	0.455	0.402	0.347	0.308	0.265	0.217	0.191	0.154	0.129	0.112	0.093	0.077	0.059	0.049	0.039	0.030	0.022	0.003	-0.002	-0.006	-0.006	-0.007	-0.012	-0.012	-0.005	0.007	0.005	0.002	0.000	0.004	0.000	-0.007	-0.006	-0.008	-0.010	-0.009	-0.013	-0.012	-0.010	-0.016	-0.018	-0.021	-0.018	-0.016	-0.015	-0.016	-0.009	-0.007	-0.003	0.003	0.000	-0.001	0.000	0.002	0.000	0.002	-0.005	-0.003	-0.005	-0.005	-0.003	-0.007	-0.012
NF23	 Default 	 5/7/2015 	 11:20 AM 	 204.91 	  4.098 	  2.067 	   1.98 	   2.35 	  50.00 	  230 	  1.741 	  0.034 	 Measure 	 USB2G24694BA582 	 0.992095/0.42/128/24 	2.116	1.972	1.914	1.843	1.815	1.757	1.756	1.742	1.724	1.739	1.741	1.753	1.761	1.796	1.833	1.878	1.965	2.052	2.158	2.319	2.479	2.561	2.678	2.821	2.941	3.091	3.210	3.288	3.384	3.492	3.556	3.641	3.736	3.799	3.900	3.970	4.011	4.078	4.111	4.110	4.098	4.067	4.045	3.989	3.904	3.818	3.695	3.587	3.513	3.410	3.308	3.237	3.119	3.006	2.871	2.784	2.636	2.475	2.366	2.208	2.067	1.975	1.834	1.686	1.595	1.459	1.323	1.230	1.089	0.968	0.855	0.771	0.656	0.549	0.491	0.406	0.340	0.299	0.245	0.202	0.162	0.140	0.110	0.082	0.070	0.048	0.037	0.024	0.023	0.019	0.015	0.015	0.016	0.021	0.022	0.020	0.017	0.017	0.013	0.007	0.003	0.002	-0.002	0.000	-0.006	-0.004	0.001	-0.007	-0.006	-0.010	-0.007	-0.006	-0.003	-0.003	0.000	0.001	0.004	0.009	0.002	0.001	0.000	0.001	0.001	0.003	-0.001	0.000	0.000	0.001	0.001	-0.003	-0.006
NF24	 Default 	 5/7/2015 	 11:21 AM 	 231.38 	  4.628 	  2.391 	   1.94 	   2.34 	  50.00 	  230 	  1.981 	  0.069 	 Measure 	 USB2G24694BA582 	 0.992095/0.42/128/24 	2.308	2.234	2.159	2.129	2.068	2.020	2.018	1.989	1.972	1.971	1.981	1.979	1.991	2.024	2.064	2.117	2.198	2.315	2.416	2.608	2.773	2.865	3.004	3.159	3.292	3.469	3.612	3.698	3.819	3.935	4.008	4.108	4.208	4.271	4.376	4.455	4.510	4.595	4.630	4.635	4.628	4.598	4.568	4.514	4.416	4.319	4.178	4.058	3.982	3.865	3.758	3.670	3.537	3.412	3.274	3.175	3.011	2.837	2.714	2.545	2.391	2.288	2.118	1.944	1.837	1.684	1.527	1.412	1.250	1.113	0.979	0.882	0.747	0.628	0.561	0.464	0.387	0.344	0.290	0.243	0.198	0.173	0.135	0.106	0.092	0.062	0.045	0.028	0.025	0.019	0.016	0.017	0.021	0.026	0.024	0.024	0.023	0.025	0.022	0.012	0.012	0.014	0.014	0.017	0.013	0.014	0.017	0.013	0.011	0.006	0.001	0.002	0.004	0.001	0.005	0.007	0.008	0.009	0.008	0.003	0.000	-0.002	-0.009	-0.008	-0.010	-0.006	-0.009	-0.005	-0.003	-0.005	-0.008
NF25	 Default 	 5/7/2015 	 11:22 AM 	 126.30 	  2.526 	  1.384 	   1.82 	   1.59 	  50.00 	  230 	  1.593 	  0.863 	 Measure 	 USB2G24694BA582 	 0.992095/0.42/128/24 	1.785	1.704	1.696	1.682	1.654	1.626	1.625	1.602	1.591	1.597	1.593	1.587	1.589	1.597	1.604	1.617	1.628	1.671	1.707	1.790	1.856	1.899	1.945	2.007	2.072	2.133	2.193	2.219	2.262	2.303	2.330	2.371	2.406	2.426	2.455	2.487	2.503	2.532	2.539	2.540	2.526	2.511	2.492	2.458	2.407	2.344	2.266	2.199	2.158	2.099	2.051	2.010	1.942	1.883	1.821	1.774	1.693	1.601	1.538	1.458	1.384	1.336	1.254	1.174	1.120	1.046	0.973	0.918	0.838	0.769	0.700	0.651	0.586	0.532	0.497	0.440	0.403	0.380	0.346	0.317	0.291	0.276	0.251	0.233	0.221	0.197	0.185	0.174	0.168	0.155	0.144	0.139	0.140	0.143	0.137	0.126	0.116	0.116	0.109	0.097	0.089	0.082	0.077	0.076	0.068	0.065	0.067	0.056	0.052	0.043	0.038	0.030	0.032	0.030	0.027	0.024	0.026	0.024	0.017	0.010	0.000	-0.006	-0.017	-0.019	-0.029	-0.033	-0.034	-0.037	-0.042	-0.046	-0.055
NF26	 Default 	 5/7/2015 	 11:23 AM 	 159.12 	  3.182 	  1.597 	   1.99 	   2.31 	  50.00 	  230 	  1.378 	  0.103 	 Measure 	 USB2G24694BA582 	 0.992095/0.42/128/24 	1.770	1.643	1.580	1.530	1.463	1.386	1.388	1.382	1.369	1.379	1.378	1.383	1.391	1.417	1.444	1.473	1.521	1.595	1.681	1.812	1.925	1.985	2.083	2.194	2.294	2.412	2.505	2.567	2.654	2.732	2.776	2.850	2.918	2.964	3.027	3.076	3.106	3.161	3.192	3.190	3.182	3.159	3.148	3.099	3.030	2.964	2.861	2.770	2.711	2.625	2.546	2.493	2.398	2.312	2.211	2.149	2.034	1.911	1.826	1.703	1.597	1.533	1.416	1.302	1.227	1.125	1.022	0.952	0.844	0.743	0.652	0.585	0.502	0.424	0.380	0.311	0.260	0.229	0.192	0.161	0.131	0.114	0.088	0.069	0.060	0.040	0.029	0.017	0.017	0.014	0.011	0.011	0.009	0.016	0.014	0.015	0.010	0.010	0.007	0.002	0.001	0.000	0.000	0.000	-0.003	-0.001	-0.001	-0.002	-0.005	-0.008	-0.011	-0.013	-0.011	-0.009	-0.003	-0.004	0.001	0.004	0.003	0.001	0.000	-0.002	-0.004	-0.003	-0.009	-0.009	-0.009	-0.009	-0.008	-0.011	-0.021
NF27	 Default 	 5/7/2015 	 11:25 AM 	 101.21 	  2.024 	  1.058 	   1.91 	   2.33 	  50.00 	  230 	  0.869 	  0.035 	 Measure 	 USB2G24694BA582 	 0.992095/0.42/128/24 	1.146	1.094	1.011	0.978	0.949	0.903	0.904	0.877	0.861	0.867	0.869	0.871	0.875	0.883	0.896	0.929	0.961	1.001	1.056	1.126	1.208	1.247	1.309	1.371	1.438	1.518	1.578	1.619	1.668	1.716	1.748	1.795	1.835	1.862	1.905	1.933	1.960	2.003	2.026	2.026	2.024	2.016	2.007	1.987	1.949	1.908	1.841	1.785	1.750	1.693	1.647	1.609	1.546	1.492	1.435	1.396	1.324	1.250	1.193	1.120	1.058	1.012	0.931	0.852	0.803	0.733	0.662	0.614	0.541	0.478	0.419	0.375	0.322	0.270	0.240	0.191	0.155	0.139	0.115	0.094	0.073	0.058	0.046	0.037	0.034	0.016	0.008	0.000	-0.001	-0.003	-0.007	-0.007	-0.005	0.002	0.001	0.003	0.005	0.011	0.009	0.005	0.004	0.001	0.002	0.001	-0.005	-0.004	-0.001	-0.002	-0.003	-0.006	-0.009	-0.011	-0.007	-0.005	-0.001	-0.003	0.001	0.003	-0.001	0.000	0.000	0.002	-0.001	0.002	-0.002	0.004	0.003	0.002	0.001	-0.004	-0.012
NF28	 Default 	 5/7/2015 	 11:26 AM 	 128.03 	  2.561 	  1.279 	   2.00 	   2.33 	  50.00 	  230 	  1.101 	  0.046 	 Measure 	 USB2G24694BA582 	 0.992095/0.42/128/24 	1.439	1.348	1.265	1.216	1.151	1.122	1.113	1.108	1.095	1.104	1.101	1.115	1.119	1.136	1.156	1.186	1.223	1.293	1.365	1.465	1.566	1.619	1.699	1.775	1.860	1.951	2.024	2.073	2.132	2.195	2.232	2.300	2.350	2.387	2.450	2.486	2.509	2.552	2.570	2.562	2.561	2.539	2.521	2.488	2.430	2.374	2.289	2.221	2.171	2.107	2.042	1.998	1.922	1.853	1.776	1.720	1.625	1.523	1.455	1.359	1.279	1.224	1.128	1.040	0.981	0.898	0.813	0.757	0.668	0.592	0.521	0.469	0.402	0.339	0.302	0.242	0.199	0.176	0.142	0.115	0.095	0.080	0.065	0.055	0.047	0.031	0.024	0.012	0.011	0.004	-0.001	0.000	0.005	0.013	0.009	0.012	0.012	0.016	0.014	0.009	0.006	0.006	0.006	0.003	-0.002	0.000	0.001	-0.002	-0.004	-0.007	-0.010	-0.009	-0.005	-0.006	-0.001	0.001	0.006	0.011	0.007	0.003	0.000	0.000	-0.002	0.000	-0.005	-0.006	-0.004	-0.004	-0.002	-0.006	-0.014
NF29	 Default 	 5/7/2015 	 11:27 AM 	 176.44 	  3.529 	  1.786 	   1.98 	   2.33 	  50.00 	  230 	  1.515 	  0.038 	 Measure 	 USB2G24694BA582 	 0.992095/0.42/128/24 	1.942	1.812	1.709	1.650	1.587	1.548	1.546	1.520	1.510	1.510	1.515	1.520	1.529	1.543	1.575	1.620	1.675	1.768	1.852	1.997	2.121	2.197	2.302	2.416	2.533	2.652	2.765	2.831	2.926	3.010	3.059	3.145	3.222	3.286	3.363	3.431	3.464	3.530	3.549	3.545	3.529	3.505	3.485	3.431	3.356	3.276	3.175	3.078	3.015	2.921	2.839	2.774	2.672	2.576	2.464	2.392	2.268	2.131	2.034	1.904	1.786	1.708	1.587	1.460	1.376	1.262	1.149	1.065	0.941	0.837	0.735	0.661	0.561	0.474	0.421	0.346	0.287	0.254	0.209	0.174	0.147	0.126	0.099	0.079	0.068	0.043	0.034	0.019	0.013	0.006	0.001	0.001	0.004	0.007	0.008	0.006	0.005	0.008	0.004	-0.002	-0.003	-0.005	-0.008	-0.006	-0.007	-0.005	-0.003	-0.004	-0.005	-0.006	-0.002	-0.004	-0.006	-0.008	-0.006	-0.005	0.000	0.003	-0.002	-0.003	0.000	-0.001	-0.001	-0.001	-0.010	-0.007	-0.009	-0.009	-0.010	-0.014	-0.021
NF30	 Default 	 5/7/2015 	 11:28 AM 	 187.06 	  3.741 	  1.895 	   1.97 	   2.31 	  50.00 	  230 	  1.620 	  0.061 	 Measure 	 USB2G24694BA582 	 0.992095/0.42/128/24 	2.122	1.959	1.863	1.801	1.748	1.657	1.642	1.618	1.600	1.609	1.620	1.610	1.611	1.638	1.671	1.715	1.786	1.881	1.973	2.119	2.259	2.338	2.450	2.568	2.684	2.810	2.917	2.994	3.093	3.186	3.240	3.324	3.411	3.472	3.571	3.627	3.666	3.734	3.763	3.759	3.741	3.716	3.690	3.645	3.564	3.482	3.370	3.269	3.205	3.110	3.016	2.947	2.834	2.733	2.617	2.536	2.406	2.257	2.157	2.017	1.895	1.806	1.669	1.539	1.450	1.324	1.205	1.116	0.987	0.876	0.769	0.693	0.589	0.499	0.442	0.367	0.304	0.272	0.229	0.187	0.155	0.134	0.105	0.083	0.074	0.048	0.036	0.026	0.022	0.020	0.013	0.010	0.013	0.019	0.016	0.018	0.015	0.015	0.012	0.007	0.008	0.008	0.011	0.008	0.003	0.006	0.007	0.003	-0.001	-0.007	-0.007	-0.006	-0.003	-0.003	0.000	0.002	0.006	0.011	0.005	0.002	0.000	0.002	0.003	0.005	-0.004	-0.007	-0.005	-0.005	-0.002	-0.008	-0.014
NF31	 Default 	 5/7/2015 	 11:29 AM 	 117.53 	  2.351 	  1.179 	   1.99 	   2.27 	  50.00 	  230 	  1.036 	  0.082 	 Measure 	 USB2G24694BA582 	 0.992095/0.42/128/24 	1.446	1.340	1.267	1.205	1.164	1.079	1.060	1.038	1.022	1.021	1.036	1.034	1.036	1.055	1.082	1.113	1.153	1.205	1.254	1.353	1.441	1.484	1.550	1.627	1.698	1.785	1.857	1.901	1.963	2.020	2.054	2.109	2.164	2.197	2.254	2.292	2.309	2.348	2.364	2.362	2.351	2.334	2.319	2.285	2.245	2.198	2.132	2.067	2.030	1.963	1.902	1.859	1.783	1.719	1.642	1.591	1.502	1.416	1.356	1.264	1.179	1.127	1.046	0.963	0.908	0.835	0.761	0.707	0.629	0.559	0.490	0.443	0.380	0.318	0.281	0.233	0.195	0.176	0.145	0.118	0.095	0.079	0.064	0.045	0.040	0.025	0.021	0.013	0.011	0.009	0.008	0.011	0.011	0.016	0.013	0.012	0.008	0.010	0.010	0.007	0.007	0.004	0.005	0.004	0.001	-0.002	-0.004	-0.008	-0.011	-0.015	-0.014	-0.016	-0.017	-0.015	-0.007	-0.007	-0.005	-0.001	-0.002	-0.002	0.000	-0.004	-0.016	-0.015	-0.017	-0.015	-0.018	-0.015	-0.015	-0.011	-0.018
NF32	 Default 	 5/7/2015 	 11:30 AM 	 272.95 	  5.459 	  2.808 	   1.94 	   2.28 	  50.00 	  230 	  2.394 	 -0.407 	 Measure 	 USB2G24694BA582 	 0.992095/0.42/128/24 	2.659	2.612	2.532	2.492	2.401	2.364	2.384	2.375	2.385	2.378	2.394	2.406	2.426	2.455	2.513	2.574	2.660	2.789	2.915	3.146	3.342	3.454	3.617	3.799	3.958	4.165	4.324	4.419	4.556	4.690	4.772	4.883	5.011	5.077	5.188	5.293	5.353	5.444	5.481	5.478	5.459	5.425	5.393	5.319	5.209	5.103	4.932	4.792	4.698	4.560	4.436	4.337	4.167	4.020	3.855	3.739	3.549	3.339	3.190	2.991	2.808	2.681	2.481	2.281	2.149	1.972	1.793	1.665	1.478	1.319	1.156	1.046	0.895	0.756	0.673	0.559	0.467	0.416	0.349	0.288	0.231	0.199	0.156	0.124	0.106	0.074	0.059	0.045	0.044	0.035	0.024	0.021	0.019	0.026	0.021	0.015	0.010	0.017	0.016	0.010	0.009	0.006	0.007	0.007	0.004	0.002	0.004	0.003	0.000	-0.004	-0.003	-0.008	-0.003	-0.002	-0.001	-0.001	0.002	0.005	0.002	0.002	0.000	-0.001	0.000	0.003	-0.003	-0.003	-0.003	-0.003	-0.002	-0.002	-0.007
SN1	 Default 	 5/7/2015 	 11:36 AM 	 107.82 	  2.156 	  1.096 	   1.97 	   2.16 	  50.00 	  230 	  0.998 	  0.099 	 Measure 	 USB2G24694BA582 	 0.992095/0.42/128/24 	1.363	1.274	1.229	1.204	1.141	1.063	1.044	1.018	0.993	0.999	0.998	0.991	0.991	0.992	1.006	1.029	1.058	1.100	1.153	1.243	1.324	1.369	1.435	1.501	1.566	1.640	1.696	1.732	1.785	1.838	1.866	1.913	1.965	1.997	2.050	2.085	2.101	2.142	2.163	2.161	2.156	2.149	2.141	2.117	2.079	2.035	1.968	1.911	1.873	1.818	1.768	1.727	1.664	1.611	1.545	1.500	1.421	1.330	1.267	1.175	1.096	1.046	0.965	0.882	0.830	0.760	0.692	0.647	0.576	0.509	0.452	0.407	0.351	0.295	0.263	0.215	0.181	0.162	0.135	0.115	0.093	0.083	0.068	0.055	0.049	0.034	0.026	0.012	0.013	0.007	0.002	0.003	0.004	0.012	0.014	0.015	0.010	0.014	0.010	0.005	0.004	0.003	0.000	-0.004	-0.007	-0.005	-0.005	-0.009	-0.012	-0.017	-0.016	-0.016	-0.016	-0.017	-0.013	-0.010	-0.007	-0.003	-0.005	-0.002	0.000	-0.001	-0.003	-0.003	-0.010	-0.012	-0.015	-0.014	-0.015	-0.017	-0.024
SN2	 Default 	 5/7/2015 	 11:37 AM 	 278.11 	  5.562 	  2.803 	   1.98 	   2.26 	  50.00 	  230 	  2.464 	  0.124 	 Measure 	 USB2G24694BA582 	 0.992095/0.42/128/24 	2.820	2.681	2.637	2.622	2.603	2.541	2.520	2.476	2.462	2.475	2.464	2.466	2.479	2.496	2.549	2.607	2.689	2.825	2.954	3.169	3.381	3.497	3.662	3.859	4.027	4.219	4.396	4.500	4.642	4.786	4.867	4.974	5.088	5.174	5.282	5.374	5.429	5.544	5.573	5.570	5.562	5.526	5.495	5.425	5.304	5.188	5.032	4.882	4.779	4.623	4.490	4.386	4.216	4.050	3.874	3.760	3.561	3.350	3.199	2.990	2.803	2.679	2.481	2.284	2.158	1.979	1.799	1.675	1.486	1.321	1.168	1.053	0.898	0.761	0.674	0.560	0.466	0.416	0.347	0.290	0.235	0.200	0.161	0.124	0.110	0.076	0.059	0.046	0.043	0.039	0.032	0.033	0.031	0.038	0.038	0.033	0.030	0.029	0.027	0.022	0.021	0.020	0.018	0.013	0.008	0.013	0.012	0.008	0.004	-0.003	-0.003	-0.001	0.002	0.000	0.004	0.003	0.007	0.008	0.005	0.002	0.000	0.006	0.001	0.004	-0.003	0.002	0.005	0.005	0.003	-0.004	-0.013
SN3	 Default 	 5/7/2015 	 11:38 AM 	 122.94 	  2.459 	  1.255 	   1.96 	   2.27 	  50.00 	  230 	  1.083 	  0.028 	 Measure 	 USB2G24694BA582 	 0.992095/0.42/128/24 	1.414	1.342	1.263	1.207	1.141	1.107	1.095	1.092	1.085	1.084	1.083	1.090	1.097	1.110	1.131	1.158	1.197	1.260	1.334	1.431	1.515	1.569	1.645	1.722	1.795	1.885	1.953	2.002	2.066	2.121	2.155	2.213	2.266	2.296	2.356	2.390	2.415	2.460	2.470	2.464	2.459	2.440	2.421	2.391	2.343	2.290	2.223	2.159	2.116	2.054	1.994	1.953	1.876	1.805	1.724	1.675	1.583	1.495	1.433	1.336	1.255	1.206	1.122	1.031	0.978	0.897	0.820	0.765	0.680	0.607	0.537	0.488	0.420	0.361	0.325	0.271	0.233	0.211	0.182	0.158	0.133	0.115	0.099	0.080	0.075	0.055	0.042	0.032	0.030	0.024	0.019	0.022	0.023	0.031	0.030	0.027	0.023	0.028	0.026	0.018	0.018	0.018	0.020	0.020	0.018	0.022	0.023	0.018	0.014	0.006	0.004	0.004	0.006	0.000	0.004	0.003	0.008	0.008	0.006	0.002	0.000	0.004	0.000	0.003	-0.002	0.004	0.007	0.009	0.010	0.006	0.001
SN4	 Default 	 5/7/2015 	 11:39 AM 	 225.29 	  4.506 	  2.236 	   2.01 	   2.31 	  50.00 	  230 	  1.949 	  0.706 	 Measure 	 USB2G24694BA582 	 0.992095/0.42/128/24 	2.308	2.185	2.188	2.081	2.001	1.949	1.940	1.946	1.939	1.949	1.949	1.965	1.975	2.006	2.053	2.100	2.192	2.293	2.400	2.592	2.754	2.849	2.985	3.132	3.261	3.426	3.569	3.650	3.766	3.879	3.948	4.041	4.143	4.210	4.289	4.358	4.416	4.483	4.512	4.519	4.506	4.480	4.459	4.396	4.286	4.186	4.044	3.915	3.831	3.712	3.595	3.515	3.386	3.270	3.135	3.035	2.869	2.684	2.564	2.389	2.236	2.135	1.971	1.816	1.716	1.576	1.434	1.337	1.186	1.057	0.935	0.843	0.719	0.611	0.547	0.452	0.379	0.338	0.281	0.238	0.194	0.166	0.132	0.103	0.090	0.067	0.052	0.037	0.034	0.029	0.023	0.024	0.020	0.026	0.022	0.019	0.015	0.017	0.014	0.010	0.008	0.006	0.008	0.009	0.006	0.005	0.008	0.003	0.002	0.000	-0.005	0.000	0.001	0.000	0.002	0.002	0.004	0.008	0.002	0.001	0.000	0.002	-0.003	-0.001	-0.002	0.003	0.002	0.004	0.006	0.006	-0.001
SN5	 Default 	 5/7/2015 	 11:41 AM 	  89.60 	  1.792 	  0.914 	   1.96 	   2.21 	  50.00 	  230 	  0.811 	  0.056 	 Measure 	 USB2G24694BA582 	 0.992095/0.42/128/24 	1.236	1.147	1.054	1.017	0.951	0.902	0.866	0.833	0.817	0.816	0.811	0.808	0.818	0.825	0.846	0.867	0.881	0.926	0.975	1.039	1.094	1.129	1.175	1.233	1.291	1.357	1.410	1.441	1.488	1.530	1.557	1.602	1.637	1.657	1.698	1.730	1.752	1.783	1.795	1.793	1.792	1.784	1.774	1.757	1.720	1.690	1.642	1.601	1.567	1.519	1.473	1.437	1.383	1.332	1.274	1.234	1.167	1.098	1.048	0.975	0.914	0.875	0.804	0.734	0.692	0.628	0.571	0.535	0.471	0.417	0.368	0.330	0.285	0.240	0.216	0.174	0.148	0.133	0.110	0.093	0.072	0.062	0.051	0.040	0.034	0.020	0.015	0.006	0.009	0.004	0.000	-0.001	0.003	0.009	0.006	0.006	0.004	0.006	0.004	-0.002	0.003	0.000	0.002	0.003	0.000	0.000	0.005	0.002	-0.003	-0.003	-0.010	-0.010	-0.008	-0.008	-0.004	-0.003	0.000	0.003	0.002	0.000	0.000	0.002	-0.006	-0.004	-0.009	-0.008	-0.009	-0.009	-0.008	-0.013	-0.016
SN6	 Default 	 5/7/2015 	 11:42 AM 	  79.50 	  1.590 	  0.808 	   1.97 	   2.23 	  50.00 	  230 	  0.712 	  0.044 	 Measure 	 USB2G24694BA582 	 0.992095/0.42/128/24 	1.057	0.948	0.882	0.829	0.792	0.746	0.738	0.722	0.708	0.711	0.712	0.712	0.712	0.715	0.727	0.746	0.761	0.803	0.845	0.909	0.972	1.003	1.048	1.098	1.146	1.199	1.249	1.282	1.326	1.360	1.385	1.424	1.463	1.492	1.523	1.544	1.554	1.588	1.594	1.592	1.590	1.577	1.567	1.542	1.506	1.465	1.420	1.372	1.348	1.310	1.271	1.248	1.202	1.160	1.118	1.088	1.029	0.966	0.922	0.858	0.808	0.781	0.718	0.657	0.619	0.570	0.521	0.488	0.432	0.383	0.339	0.304	0.262	0.223	0.201	0.161	0.135	0.120	0.100	0.086	0.071	0.063	0.053	0.046	0.044	0.027	0.019	0.013	0.017	0.011	0.005	0.007	0.011	0.021	0.020	0.021	0.015	0.020	0.015	0.012	0.011	0.009	0.008	0.005	-0.002	-0.003	0.000	-0.005	-0.006	-0.008	-0.007	-0.005	0.001	-0.001	0.004	0.002	0.003	0.004	0.000	0.000	0.000	0.004	0.002	0.005	0.001	0.001	0.004	0.001	0.001	-0.005	-0.011
SN7	 Default 	 5/7/2015 	 11:43 AM 	 107.80 	  2.156 	  1.117 	   1.93 	   2.20 	  50.00 	  230 	  0.978 	  0.086 	 Measure 	 USB2G24694BA582 	 0.992095/0.42/128/24 	1.383	1.287	1.235	1.160	1.090	1.044	1.017	1.003	0.980	0.974	0.978	0.979	0.974	0.978	0.993	1.010	1.043	1.103	1.159	1.232	1.320	1.372	1.429	1.494	1.559	1.629	1.694	1.736	1.787	1.836	1.867	1.917	1.966	1.998	2.040	2.075	2.102	2.144	2.161	2.159	2.156	2.142	2.134	2.106	2.058	2.008	1.950	1.887	1.856	1.804	1.750	1.716	1.658	1.598	1.533	1.492	1.413	1.328	1.272	1.188	1.117	1.070	0.995	0.911	0.859	0.790	0.719	0.671	0.595	0.531	0.465	0.422	0.365	0.312	0.280	0.233	0.194	0.174	0.149	0.129	0.103	0.091	0.073	0.058	0.054	0.035	0.027	0.013	0.016	0.014	0.013	0.013	0.014	0.023	0.022	0.024	0.019	0.024	0.021	0.018	0.021	0.017	0.013	0.015	0.006	0.007	0.008	0.002	-0.002	-0.005	-0.004	-0.007	-0.004	-0.007	-0.004	-0.002	0.000	0.004	0.001	0.002	0.000	0.003	0.000	0.000	-0.006	-0.005	-0.008	-0.007	-0.005	-0.010	-0.018
SN8	 Default 	 5/7/2015 	 11:44 AM 	 212.99 	  4.260 	  2.185 	   1.95 	   2.25 	  50.00 	  230 	  1.890 	  0.417 	 Measure 	 USB2G24694BA582 	 0.992095/0.42/128/24 	2.215	2.145	2.100	2.058	1.983	1.907	1.913	1.893	1.894	1.895	1.890	1.892	1.907	1.933	1.973	2.022	2.085	2.189	2.296	2.462	2.610	2.693	2.822	2.972	3.092	3.237	3.367	3.448	3.558	3.664	3.720	3.809	3.903	3.968	4.058	4.129	4.173	4.238	4.268	4.266	4.260	4.231	4.210	4.146	4.063	3.980	3.852	3.735	3.664	3.544	3.447	3.372	3.239	3.124	2.996	2.910	2.759	2.601	2.486	2.327	2.185	2.090	1.940	1.783	1.682	1.542	1.403	1.301	1.151	1.022	0.899	0.812	0.694	0.589	0.527	0.440	0.376	0.338	0.283	0.238	0.196	0.174	0.143	0.115	0.102	0.076	0.064	0.049	0.047	0.040	0.037	0.034	0.032	0.038	0.037	0.035	0.032	0.033	0.032	0.030	0.028	0.029	0.026	0.026	0.019	0.020	0.017	0.015	0.013	0.008	0.001	0.002	0.002	-0.003	0.001	0.000	0.002	0.007	0.005	0.001	0.000	0.000	-0.003	0.000	-0.006	-0.004	-0.004	-0.002	0.001	-0.005	-0.015
SN9	 Default 	 5/7/2015 	 11:45 AM 	 115.94 	  2.319 	  1.206 	   1.92 	   2.29 	  50.00 	  230 	  1.010 	  0.094 	 Measure 	 USB2G24694BA582 	 0.992095/0.42/128/24 	1.392	1.352	1.292	1.231	1.166	1.103	1.068	1.044	1.015	1.013	1.010	1.012	1.021	1.021	1.052	1.085	1.128	1.182	1.245	1.326	1.412	1.461	1.533	1.603	1.673	1.751	1.822	1.870	1.934	1.989	2.016	2.068	2.125	2.163	2.219	2.242	2.260	2.303	2.325	2.328	2.319	2.300	2.287	2.262	2.218	2.171	2.102	2.033	1.995	1.937	1.885	1.842	1.777	1.718	1.651	1.610	1.525	1.439	1.372	1.286	1.206	1.152	1.067	0.982	0.928	0.852	0.777	0.724	0.641	0.572	0.504	0.452	0.389	0.329	0.293	0.238	0.200	0.176	0.146	0.121	0.095	0.080	0.061	0.049	0.042	0.027	0.022	0.014	0.015	0.019	0.017	0.016	0.017	0.024	0.021	0.019	0.014	0.012	0.009	0.008	0.008	0.008	0.011	0.011	0.006	0.007	0.011	0.006	0.005	-0.001	-0.005	-0.004	-0.001	-0.006	-0.004	-0.006	-0.003	0.002	0.003	0.000	0.000	0.002	-0.001	0.002	0.001	-0.003	-0.005	-0.003	0.000	-0.002	-0.009
SN10	 Default 	 5/7/2015 	 11:46 AM 	 118.82 	  2.376 	  1.221 	   1.95 	   2.21 	  50.00 	  230 	  1.074 	  0.085 	 Measure 	 USB2G24694BA582 	 0.992095/0.42/128/24 	1.400	1.300	1.257	1.215	1.165	1.128	1.123	1.093	1.067	1.066	1.074	1.081	1.081	1.091	1.111	1.139	1.190	1.252	1.303	1.392	1.481	1.529	1.596	1.665	1.730	1.807	1.879	1.923	1.981	2.035	2.067	2.120	2.179	2.219	2.268	2.298	2.320	2.364	2.384	2.383	2.376	2.357	2.348	2.324	2.275	2.229	2.156	2.089	2.045	1.982	1.925	1.881	1.814	1.749	1.677	1.634	1.548	1.462	1.394	1.299	1.221	1.171	1.089	1.000	0.945	0.867	0.793	0.745	0.659	0.586	0.513	0.464	0.395	0.336	0.298	0.239	0.198	0.177	0.148	0.123	0.100	0.085	0.070	0.058	0.053	0.039	0.031	0.023	0.025	0.025	0.021	0.022	0.024	0.029	0.028	0.029	0.022	0.024	0.021	0.017	0.015	0.014	0.014	0.012	0.008	0.009	0.013	0.008	0.007	0.006	0.003	0.003	0.007	0.005	0.004	0.003	0.005	0.008	0.007	0.004	0.000	-0.002	-0.005	-0.004	-0.007	-0.002	-0.005	-0.002	0.005	0.003	-0.002
SN11	 Default 	 5/7/2015 	 11:47 AM 	 267.08 	  5.342 	  2.724 	   1.96 	   2.32 	  50.00 	  230 	  2.298 	  0.105 	 Measure 	 USB2G24694BA582 	 0.992095/0.42/128/24 	2.619	2.530	2.538	2.477	2.433	2.353	2.330	2.316	2.293	2.292	2.298	2.299	2.312	2.359	2.401	2.457	2.556	2.682	2.811	3.049	3.239	3.343	3.506	3.689	3.851	4.053	4.214	4.308	4.452	4.593	4.675	4.789	4.903	4.973	5.078	5.170	5.227	5.307	5.348	5.351	5.342	5.310	5.285	5.216	5.104	4.991	4.837	4.695	4.605	4.472	4.334	4.246	4.086	3.933	3.771	3.652	3.456	3.244	3.108	2.906	2.724	2.604	2.407	2.215	2.093	1.920	1.744	1.617	1.438	1.278	1.116	1.005	0.852	0.711	0.630	0.515	0.423	0.376	0.315	0.258	0.208	0.179	0.140	0.109	0.097	0.068	0.053	0.040	0.039	0.032	0.026	0.026	0.024	0.031	0.031	0.029	0.025	0.025	0.023	0.018	0.016	0.011	0.009	0.009	0.003	0.003	0.004	0.000	-0.004	-0.005	-0.006	-0.005	-0.003	-0.003	0.001	0.002	0.002	0.006	0.001	-0.002	0.000	-0.001	0.000	0.000	-0.002	0.002	0.002	-0.001	0.000	-0.003	-0.010
SN12	 Default 	 5/7/2015 	 11:49 AM 	 127.94 	  2.559 	  1.317 	   1.94 	   2.32 	  50.00 	  230 	  1.103 	  0.071 	 Measure 	 USB2G24694BA582 	 0.992095/0.42/128/24 	1.383	1.290	1.240	1.187	1.138	1.109	1.115	1.101	1.100	1.101	1.103	1.108	1.114	1.127	1.153	1.190	1.229	1.291	1.359	1.465	1.554	1.610	1.687	1.772	1.846	1.937	2.013	2.059	2.131	2.190	2.223	2.276	2.338	2.378	2.437	2.475	2.499	2.547	2.566	2.569	2.559	2.537	2.524	2.494	2.436	2.386	2.310	2.234	2.195	2.137	2.077	2.029	1.953	1.885	1.812	1.761	1.668	1.564	1.499	1.401	1.317	1.257	1.167	1.069	1.010	0.924	0.837	0.779	0.694	0.615	0.540	0.489	0.416	0.359	0.321	0.259	0.212	0.188	0.155	0.126	0.106	0.090	0.071	0.060	0.056	0.038	0.030	0.021	0.022	0.015	0.012	0.009	0.012	0.020	0.021	0.019	0.012	0.013	0.010	0.006	0.005	0.006	0.011	0.011	0.011	0.014	0.016	0.013	0.012	0.010	0.004	0.004	0.008	0.005	0.006	0.005	0.007	0.010	0.003	0.000	0.000	0.002	0.000	0.003	-0.002	-0.001	0.003	0.001	0.003	-0.003	-0.008
SN13	 Default 	 5/7/2015 	 11:50 AM 	 317.61 	  6.352 	  3.194 	   1.99 	   2.32 	  50.00 	  230 	  2.740 	  0.110 	 Measure 	 USB2G24694BA582 	 0.992095/0.42/128/24 	3.063	2.982	2.869	2.823	2.771	2.726	2.745	2.727	2.712	2.718	2.740	2.749	2.772	2.811	2.883	2.960	3.066	3.221	3.365	3.637	3.883	4.012	4.200	4.421	4.610	4.839	5.040	5.156	5.313	5.471	5.566	5.694	5.822	5.904	6.020	6.125	6.198	6.321	6.374	6.372	6.352	6.324	6.289	6.211	6.074	5.938	5.769	5.609	5.491	5.314	5.156	5.043	4.854	4.668	4.462	4.318	4.088	3.834	3.657	3.410	3.194	3.052	2.824	2.599	2.450	2.249	2.041	1.895	1.678	1.484	1.295	1.166	0.986	0.831	0.736	0.601	0.499	0.445	0.371	0.306	0.248	0.209	0.164	0.130	0.110	0.077	0.061	0.043	0.037	0.028	0.023	0.020	0.021	0.025	0.021	0.018	0.014	0.015	0.009	0.006	0.005	-0.001	-0.003	-0.002	-0.002	0.000	0.002	-0.004	-0.006	-0.006	-0.008	-0.015	-0.014	-0.014	-0.011	-0.008	-0.005	-0.002	-0.004	-0.001	0.000	-0.001	-0.001	0.000	-0.006	-0.007	-0.010	-0.014	-0.013	-0.018	-0.023
SN14	 Default 	 5/7/2015 	 11:51 AM 	 146.97 	  2.939 	  1.498 	   1.96 	   2.23 	  50.00 	  230 	  1.316 	  0.080 	 Measure 	 USB2G24694BA582 	 0.992095/0.42/128/24 	1.697	1.588	1.522	1.476	1.418	1.360	1.332	1.316	1.315	1.315	1.316	1.321	1.322	1.335	1.359	1.381	1.426	1.491	1.568	1.677	1.781	1.838	1.931	2.028	2.115	2.218	2.306	2.363	2.446	2.525	2.568	2.637	2.708	2.761	2.825	2.865	2.892	2.926	2.944	2.940	2.939	2.920	2.905	2.866	2.799	2.739	2.652	2.571	2.511	2.434	2.363	2.312	2.231	2.152	2.064	2.001	1.899	1.784	1.709	1.600	1.498	1.436	1.330	1.230	1.160	1.064	0.968	0.898	0.799	0.708	0.624	0.562	0.483	0.413	0.371	0.303	0.259	0.234	0.196	0.161	0.134	0.117	0.094	0.078	0.064	0.043	0.038	0.032	0.030	0.022	0.021	0.020	0.023	0.028	0.027	0.027	0.020	0.022	0.021	0.016	0.020	0.018	0.015	0.013	0.010	0.011	0.011	0.007	0.001	-0.004	-0.001	0.000	0.003	0.003	0.004	0.002	0.005	0.007	0.003	0.001	0.000	0.001	0.004	0.005	-0.001	-0.002	-0.003	-0.002	-0.002	-0.007	-0.013
SN15	 Default 	 5/7/2015 	 11:52 AM 	 164.33 	  3.287 	  1.665 	   1.97 	   2.24 	  50.00 	  230 	  1.469 	  0.099 	 Measure 	 USB2G24694BA582 	 0.992095/0.42/128/24 	1.814	1.701	1.666	1.606	1.585	1.518	1.499	1.476	1.468	1.474	1.469	1.477	1.481	1.502	1.539	1.572	1.625	1.701	1.774	1.902	2.016	2.079	2.171	2.284	2.381	2.496	2.592	2.651	2.735	2.814	2.864	2.927	2.996	3.049	3.130	3.181	3.217	3.267	3.294	3.297	3.287	3.260	3.239	3.199	3.128	3.055	2.951	2.861	2.800	2.720	2.641	2.583	2.483	2.394	2.297	2.228	2.115	1.987	1.897	1.771	1.665	1.593	1.477	1.360	1.282	1.178	1.073	0.999	0.884	0.788	0.691	0.625	0.533	0.452	0.407	0.335	0.281	0.249	0.211	0.174	0.143	0.126	0.102	0.084	0.075	0.053	0.044	0.035	0.034	0.026	0.019	0.018	0.019	0.024	0.022	0.022	0.015	0.016	0.014	0.010	0.007	0.001	-0.004	-0.006	-0.008	-0.006	-0.003	-0.006	-0.006	-0.005	-0.002	-0.004	-0.002	-0.003	-0.002	-0.002	0.002	0.003	-0.002	-0.002	0.000	-0.003	-0.003	-0.003	-0.009	-0.007	-0.007	-0.009	-0.009	-0.008	-0.014
SN16	 Default 	 5/7/2015 	 11:53 AM 	  77.75 	  1.555 	  0.821 	   1.89 	   1.87 	  50.00 	  230 	  0.833 	  0.312 	 Measure 	 USB2G24694BA582 	 0.992095/0.42/128/24 	1.216	1.113	1.079	1.014	0.948	0.896	0.871	0.848	0.839	0.838	0.833	0.830	0.836	0.833	0.835	0.848	0.864	0.907	0.946	0.996	1.048	1.084	1.124	1.165	1.203	1.244	1.282	1.304	1.334	1.361	1.378	1.412	1.444	1.464	1.493	1.518	1.531	1.549	1.564	1.560	1.555	1.539	1.528	1.508	1.483	1.451	1.400	1.357	1.333	1.298	1.270	1.240	1.193	1.158	1.115	1.084	1.028	0.969	0.926	0.869	0.821	0.790	0.733	0.685	0.649	0.602	0.557	0.524	0.469	0.423	0.377	0.346	0.302	0.266	0.247	0.211	0.186	0.172	0.154	0.137	0.121	0.113	0.097	0.089	0.083	0.066	0.061	0.053	0.054	0.048	0.043	0.041	0.041	0.050	0.044	0.042	0.037	0.039	0.036	0.032	0.027	0.021	0.019	0.018	0.011	0.010	0.010	0.004	0.004	0.001	0.000	-0.004	-0.001	-0.002	0.002	0.003	0.004	0.006	-0.001	0.000	0.000	-0.001	-0.005	-0.005	-0.012	-0.014	-0.017	-0.019	-0.021	-0.026	-0.036
SN17	 Default 	 5/7/2015 	 11:54 AM 	 125.50 	  2.510 	  1.293 	   1.94 	   2.24 	  50.00 	  230 	  1.119 	  0.025 	 Measure 	 USB2G24694BA582 	 0.992095/0.42/128/24 	1.472	1.389	1.310	1.311	1.250	1.183	1.166	1.146	1.123	1.126	1.119	1.119	1.117	1.131	1.144	1.165	1.213	1.267	1.324	1.413	1.508	1.558	1.635	1.720	1.797	1.889	1.963	2.015	2.080	2.140	2.174	2.230	2.289	2.323	2.396	2.441	2.464	2.503	2.525	2.521	2.510	2.496	2.479	2.445	2.395	2.340	2.266	2.202	2.158	2.092	2.034	1.988	1.924	1.856	1.781	1.734	1.647	1.550	1.479	1.380	1.293	1.237	1.136	1.042	0.978	0.898	0.819	0.761	0.676	0.605	0.535	0.481	0.414	0.348	0.311	0.254	0.216	0.190	0.159	0.133	0.114	0.101	0.084	0.067	0.059	0.042	0.033	0.022	0.020	0.019	0.015	0.017	0.019	0.026	0.025	0.026	0.020	0.018	0.017	0.013	0.014	0.013	0.008	0.007	0.002	0.004	0.004	-0.004	-0.007	-0.012	-0.011	-0.010	-0.007	-0.007	-0.003	-0.003	-0.001	0.006	0.000	0.000	0.000	0.001	0.004	0.006	0.003	-0.001	-0.003	-0.003	0.000	-0.004	-0.009
SN18	 Default 	 5/7/2015 	 11:56 AM 	 170.94 	  3.419 	  1.748 	   1.96 	   2.35 	  50.00 	  230 	  1.456 	  0.023 	 Measure 	 USB2G24694BA582 	 0.992095/0.42/128/24 	1.756	1.654	1.628	1.587	1.527	1.473	1.462	1.460	1.456	1.455	1.456	1.461	1.472	1.493	1.533	1.565	1.629	1.722	1.809	1.954	2.083	2.153	2.256	2.364	2.469	2.592	2.689	2.752	2.835	2.923	2.971	3.053	3.127	3.180	3.257	3.308	3.346	3.402	3.433	3.431	3.419	3.395	3.375	3.333	3.261	3.188	3.076	2.978	2.922	2.830	2.752	2.695	2.598	2.507	2.413	2.344	2.222	2.089	1.995	1.862	1.748	1.675	1.550	1.429	1.350	1.241	1.129	1.050	0.933	0.830	0.729	0.656	0.561	0.474	0.420	0.346	0.285	0.252	0.213	0.178	0.146	0.127	0.103	0.084	0.076	0.057	0.045	0.031	0.030	0.024	0.021	0.021	0.022	0.025	0.022	0.024	0.019	0.023	0.022	0.018	0.014	0.013	0.016	0.014	0.009	0.010	0.009	0.005	0.004	0.001	-0.002	0.001	0.003	0.002	0.004	0.005	0.008	0.011	0.006	0.003	0.000	0.003	0.003	0.008	0.003	0.008	0.010	0.011	0.014	0.010	0.003
SN19	 Default 	 5/7/2015 	 11:58 AM 	  74.90 	  1.498 	  0.786 	   1.91 	   2.07 	  50.00 	  230 	  0.724 	  0.054 	 Measure 	 USB2G24694BA582 	 0.992095/0.42/128/24 	1.072	1.011	0.936	0.893	0.847	0.782	0.773	0.756	0.733	0.728	0.724	0.718	0.713	0.721	0.719	0.734	0.746	0.781	0.828	0.876	0.927	0.952	0.991	1.029	1.080	1.128	1.167	1.193	1.233	1.267	1.293	1.333	1.370	1.394	1.430	1.454	1.463	1.494	1.506	1.502	1.498	1.488	1.482	1.463	1.434	1.402	1.357	1.312	1.288	1.252	1.215	1.188	1.144	1.104	1.067	1.040	0.989	0.931	0.891	0.834	0.786	0.752	0.693	0.638	0.599	0.552	0.500	0.465	0.410	0.365	0.322	0.291	0.253	0.214	0.192	0.162	0.140	0.125	0.106	0.090	0.072	0.062	0.050	0.041	0.035	0.022	0.019	0.012	0.014	0.013	0.011	0.011	0.013	0.017	0.016	0.018	0.017	0.023	0.019	0.018	0.017	0.017	0.017	0.014	0.008	0.008	0.010	0.005	0.003	-0.001	-0.002	0.000	0.001	-0.002	0.001	-0.001	0.000	0.001	-0.002	-0.002	0.000	0.005	0.006	0.008	0.003	0.002	0.003	0.002	0.003	-0.002	-0.008
SN20	 Default 	 5/7/2015 	 11:59 AM 	 104.44 	  2.089 	  1.078 	   1.94 	   2.33 	  50.00 	  230 	  0.895 	  0.026 	 Measure 	 USB2G24694BA582 	 0.992095/0.42/128/24 	1.279	1.175	1.093	1.043	0.993	0.913	0.910	0.899	0.888	0.891	0.895	0.903	0.905	0.929	0.950	0.970	1.012	1.070	1.125	1.200	1.280	1.321	1.377	1.440	1.507	1.581	1.644	1.680	1.734	1.789	1.817	1.868	1.913	1.943	1.993	2.037	2.053	2.081	2.099	2.096	2.089	2.074	2.061	2.033	1.995	1.954	1.894	1.842	1.807	1.755	1.704	1.667	1.604	1.552	1.485	1.444	1.361	1.281	1.226	1.149	1.078	1.029	0.952	0.877	0.831	0.762	0.692	0.645	0.569	0.509	0.448	0.401	0.342	0.291	0.256	0.208	0.179	0.158	0.134	0.112	0.093	0.082	0.071	0.055	0.049	0.035	0.028	0.019	0.019	0.017	0.014	0.015	0.015	0.025	0.025	0.024	0.021	0.024	0.018	0.015	0.013	0.009	0.005	0.005	0.001	0.000	0.005	0.002	-0.001	-0.002	0.002	0.000	0.002	0.001	0.001	0.002	0.006	0.009	0.003	0.001	0.000	0.001	0.003	0.006	-0.001	-0.001	0.001	0.001	0.004	0.001	-0.004
SN21	 Default 	 5/7/2015 	 12:00 PM 	  83.42 	  1.668 	  0.857 	   1.95 	   2.18 	  50.00 	  230 	  0.765 	  0.084 	 Measure 	 USB2G24694BA582 	 0.992095/0.42/128/24 	1.108	1.045	0.977	0.912	0.868	0.798	0.784	0.772	0.765	0.765	0.765	0.765	0.760	0.774	0.787	0.810	0.833	0.872	0.914	0.971	1.038	1.074	1.125	1.168	1.218	1.272	1.321	1.351	1.393	1.427	1.449	1.490	1.528	1.551	1.591	1.614	1.625	1.663	1.677	1.675	1.668	1.656	1.644	1.627	1.593	1.553	1.503	1.452	1.427	1.388	1.352	1.318	1.274	1.225	1.177	1.145	1.083	1.022	0.975	0.911	0.857	0.824	0.765	0.704	0.663	0.606	0.554	0.516	0.461	0.408	0.360	0.326	0.279	0.235	0.212	0.175	0.146	0.133	0.110	0.091	0.081	0.074	0.063	0.051	0.047	0.030	0.025	0.017	0.018	0.013	0.013	0.014	0.015	0.023	0.020	0.023	0.014	0.018	0.016	0.009	0.012	0.012	0.013	0.010	0.008	0.006	0.009	0.002	-0.002	-0.008	-0.006	-0.006	-0.006	-0.006	-0.004	-0.004	0.000	0.005	-0.001	-0.003	0.000	0.001	0.003	0.005	-0.001	0.000	-0.001	-0.002	-0.004	-0.008	-0.015
SN22	 Default 	 5/7/2015 	 12:01 PM 	 243.91 	  4.878 	  2.540 	   1.92 	   2.05 	  50.00 	  230 	  2.381 	  0.656 	 Measure 	 USB2G24694BA582 	 0.992095/0.42/128/24 	2.534	2.510	2.460	2.448	2.422	2.392	2.402	2.387	2.378	2.373	2.381	2.386	2.389	2.400	2.436	2.483	2.563	2.686	2.792	2.973	3.148	3.239	3.364	3.515	3.645	3.807	3.945	4.021	4.136	4.255	4.322	4.415	4.509	4.577	4.670	4.748	4.796	4.867	4.894	4.892	4.878	4.847	4.813	4.758	4.652	4.552	4.405	4.282	4.193	4.066	3.947	3.860	3.722	3.597	3.449	3.350	3.185	3.001	2.877	2.698	2.540	2.431	2.265	2.095	1.983	1.826	1.674	1.563	1.398	1.256	1.117	1.016	0.882	0.762	0.688	0.585	0.506	0.460	0.400	0.350	0.304	0.275	0.242	0.212	0.195	0.166	0.149	0.130	0.121	0.108	0.096	0.093	0.089	0.096	0.088	0.083	0.077	0.077	0.072	0.064	0.059	0.053	0.047	0.047	0.041	0.038	0.039	0.031	0.029	0.022	0.021	0.015	0.011	0.009	0.009	0.007	0.011	0.010	0.002	0.000	0.000	-0.003	-0.005	-0.006	-0.015	-0.020	-0.025	-0.030	-0.032	-0.040	-0.050
SN23	 Default 	 5/7/2015 	 12:02 PM 	 365.70 	  7.314 	  3.644 	   2.01 	   2.31 	  50.00 	  230 	  3.169 	  0.070 	 Measure 	 USB2G24694BA582 	 0.992095/0.42/128/24 	3.389	3.330	3.282	3.219	3.151	3.110	3.146	3.141	3.135	3.147	3.169	3.186	3.210	3.276	3.357	3.428	3.572	3.757	3.926	4.248	4.519	4.666	4.886	5.164	5.372	5.633	5.858	5.989	6.178	6.352	6.451	6.590	6.744	6.834	6.953	7.065	7.142	7.288	7.343	7.344	7.314	7.285	7.247	7.160	7.013	6.857	6.631	6.444	6.321	6.124	5.939	5.800	5.566	5.356	5.119	4.953	4.682	4.380	4.183	3.897	3.644	3.478	3.216	2.947	2.775	2.543	2.305	2.140	1.897	1.684	1.475	1.327	1.123	0.940	0.829	0.677	0.554	0.488	0.405	0.330	0.263	0.227	0.178	0.138	0.118	0.081	0.057	0.037	0.034	0.023	0.013	0.011	0.012	0.021	0.021	0.017	0.011	0.014	0.009	0.005	-0.001	-0.005	-0.006	-0.004	-0.005	-0.007	-0.004	-0.007	-0.009	-0.010	-0.012	-0.014	-0.013	-0.010	-0.007	-0.001	0.002	0.005	0.001	0.000	0.000	-0.003	-0.003	-0.002	-0.006	-0.004	-0.004	-0.005	-0.004	-0.006	-0.014
SN24	 Default 	 5/7/2015 	 12:03 PM 	 152.83 	  3.057 	  1.588 	   1.92 	   2.31 	  50.00 	  230 	  1.323 	  0.044 	 Measure 	 USB2G24694BA582 	 0.992095/0.42/128/24 	1.688	1.567	1.508	1.463	1.412	1.377	1.344	1.327	1.320	1.322	1.323	1.329	1.335	1.350	1.385	1.414	1.454	1.541	1.601	1.715	1.819	1.880	1.973	2.083	2.177	2.283	2.380	2.440	2.523	2.601	2.651	2.719	2.793	2.844	2.924	2.974	2.999	3.052	3.069	3.065	3.057	3.040	3.021	2.988	2.934	2.868	2.782	2.702	2.644	2.559	2.485	2.430	2.339	2.256	2.164	2.101	1.998	1.884	1.805	1.692	1.588	1.519	1.407	1.293	1.219	1.121	1.022	0.951	0.843	0.756	0.666	0.601	0.513	0.425	0.377	0.314	0.261	0.231	0.196	0.165	0.135	0.121	0.098	0.079	0.070	0.048	0.038	0.028	0.028	0.025	0.019	0.020	0.023	0.030	0.028	0.029	0.024	0.023	0.024	0.020	0.018	0.015	0.017	0.015	0.012	0.017	0.018	0.012	0.011	0.005	0.002	0.007	0.008	0.003	0.005	0.003	0.007	0.007	0.002	0.001	0.000	0.006	0.003	0.007	0.005	0.008	0.010	0.012	0.016	0.009	0.002
SN25	 Default 	 5/7/2015 	 12:04 PM 	 160.41 	  3.208 	  1.617 	   1.98 	   2.35 	  50.00 	  230 	  1.363 	  0.038 	 Measure 	 USB2G24694BA582 	 0.992095/0.42/128/24 	1.746	1.685	1.619	1.551	1.474	1.425	1.399	1.372	1.358	1.363	1.363	1.370	1.382	1.403	1.439	1.481	1.539	1.613	1.697	1.816	1.933	1.995	2.094	2.196	2.290	2.414	2.510	2.568	2.654	2.734	2.778	2.849	2.919	2.963	3.045	3.105	3.127	3.185	3.213	3.214	3.208	3.183	3.162	3.121	3.060	2.992	2.902	2.807	2.751	2.666	2.586	2.526	2.428	2.339	2.237	2.171	2.058	1.934	1.850	1.727	1.617	1.549	1.435	1.323	1.246	1.144	1.038	0.966	0.858	0.764	0.669	0.606	0.514	0.433	0.387	0.315	0.261	0.232	0.194	0.162	0.133	0.116	0.089	0.075	0.068	0.046	0.037	0.025	0.025	0.021	0.018	0.016	0.018	0.024	0.024	0.022	0.021	0.022	0.020	0.016	0.015	0.011	0.008	0.005	0.001	0.001	0.003	-0.003	-0.004	-0.007	-0.008	-0.012	-0.009	-0.009	-0.006	-0.006	-0.001	0.003	0.000	0.000	0.000	0.004	0.007	0.010	0.006	0.007	0.007	0.006	0.008	0.001	-0.005
SN26	 Default 	 5/7/2015 	 12:06 PM 	  71.78 	  1.436 	  0.753 	   1.91 	   2.24 	  50.00 	  230 	  0.642 	  0.053 	 Measure 	 USB2G24694BA582 	 0.992095/0.42/128/24 	0.962	0.885	0.855	0.781	0.731	0.701	0.680	0.664	0.640	0.643	0.642	0.644	0.653	0.650	0.670	0.681	0.714	0.740	0.778	0.825	0.883	0.915	0.954	0.991	1.043	1.098	1.137	1.168	1.199	1.228	1.252	1.292	1.322	1.342	1.377	1.396	1.410	1.436	1.440	1.437	1.436	1.423	1.417	1.397	1.365	1.332	1.287	1.248	1.226	1.194	1.162	1.140	1.106	1.070	1.035	1.008	0.953	0.896	0.855	0.801	0.753	0.724	0.671	0.613	0.577	0.536	0.488	0.457	0.405	0.359	0.317	0.290	0.250	0.215	0.194	0.159	0.139	0.125	0.109	0.093	0.074	0.063	0.051	0.043	0.038	0.025	0.019	0.012	0.016	0.016	0.011	0.011	0.012	0.021	0.018	0.019	0.016	0.018	0.016	0.016	0.015	0.011	0.013	0.014	0.010	0.011	0.016	0.010	0.008	0.003	0.001	0.000	0.000	-0.003	-0.001	-0.001	0.003	0.007	0.002	0.002	0.000	0.004	0.004	0.005	-0.002	0.002	0.000	0.001	0.003	-0.004	-0.012
SN27	 Default 	 5/7/2015 	 12:07 PM 	 244.35 	  4.887 	  2.454 	   1.99 	   2.35 	  50.00 	  230 	  2.076 	  0.027 	 Measure 	 USB2G24694BA582 	 0.992095/0.42/128/24 	2.416	2.363	2.303	2.248	2.168	2.132	2.115	2.097	2.078	2.082	2.076	2.094	2.111	2.142	2.197	2.267	2.351	2.471	2.605	2.790	2.973	3.069	3.210	3.378	3.527	3.715	3.859	3.950	4.083	4.207	4.285	4.387	4.492	4.560	4.667	4.750	4.788	4.873	4.902	4.903	4.887	4.852	4.822	4.756	4.647	4.536	4.385	4.244	4.156	4.032	3.912	3.827	3.686	3.553	3.406	3.303	3.131	2.940	2.806	2.617	2.454	2.343	2.163	1.990	1.879	1.723	1.569	1.461	1.294	1.156	1.017	0.917	0.782	0.660	0.588	0.486	0.405	0.358	0.300	0.249	0.203	0.177	0.139	0.111	0.098	0.073	0.057	0.043	0.041	0.036	0.030	0.029	0.028	0.033	0.033	0.030	0.022	0.024	0.022	0.015	0.014	0.013	0.012	0.009	0.010	0.009	0.008	0.004	0.005	0.003	0.002	0.005	0.007	0.005	0.008	0.008	0.008	0.007	0.004	0.001	0.000	0.006	0.007	0.006	0.005	0.008	0.009	0.009	0.007	0.002	-0.005
SN28	 Default 	 5/7/2015 	 12:08 PM 	 153.82 	  3.076 	  1.561 	   1.97 	   2.33 	  50.00 	  230 	  1.322 	  0.045 	 Measure 	 USB2G24694BA582 	 0.992095/0.42/128/24 	1.778	1.698	1.662	1.628	1.515	1.408	1.376	1.339	1.323	1.325	1.322	1.319	1.328	1.345	1.379	1.420	1.467	1.532	1.613	1.734	1.849	1.910	1.999	2.104	2.200	2.320	2.406	2.468	2.547	2.626	2.671	2.738	2.807	2.852	2.929	2.979	3.004	3.056	3.082	3.079	3.076	3.056	3.039	2.998	2.937	2.873	2.783	2.698	2.645	2.561	2.486	2.435	2.343	2.258	2.161	2.097	1.991	1.871	1.779	1.660	1.561	1.491	1.380	1.268	1.194	1.096	0.999	0.929	0.822	0.730	0.644	0.582	0.499	0.422	0.375	0.304	0.255	0.227	0.189	0.156	0.123	0.107	0.087	0.068	0.062	0.041	0.032	0.022	0.024	0.019	0.015	0.018	0.014	0.021	0.019	0.018	0.013	0.016	0.011	0.006	0.005	0.004	0.001	-0.001	-0.005	-0.002	0.002	-0.003	-0.002	-0.001	0.001	0.000	0.004	0.002	0.006	0.006	0.009	0.010	0.003	0.002	0.000	0.001	0.000	0.002	-0.002	0.000	0.002	0.002	0.003	-0.001	-0.009
SN29	 Default 	 5/7/2015 	 12:09 PM 	 192.01 	  3.840 	  1.975 	   1.94 	   2.24 	  50.00 	  230 	  1.711 	  0.108 	 Measure 	 USB2G24694BA582 	 0.992095/0.42/128/24 	2.077	1.939	1.900	1.862	1.794	1.738	1.728	1.710	1.701	1.705	1.711	1.711	1.717	1.740	1.783	1.821	1.876	1.969	2.061	2.211	2.348	2.426	2.539	2.670	2.783	2.917	3.026	3.099	3.201	3.294	3.347	3.428	3.513	3.566	3.660	3.718	3.748	3.817	3.850	3.848	3.840	3.817	3.788	3.739	3.670	3.583	3.461	3.358	3.292	3.195	3.103	3.033	2.921	2.816	2.706	2.630	2.494	2.346	2.245	2.103	1.975	1.894	1.754	1.611	1.521	1.398	1.272	1.187	1.052	0.939	0.826	0.745	0.640	0.546	0.489	0.405	0.347	0.313	0.268	0.230	0.190	0.166	0.138	0.112	0.099	0.073	0.055	0.041	0.036	0.031	0.025	0.026	0.025	0.028	0.030	0.031	0.033	0.034	0.031	0.027	0.026	0.027	0.026	0.022	0.018	0.020	0.022	0.016	0.014	0.007	0.004	0.004	0.005	0.005	0.007	0.005	0.010	0.011	0.005	0.003	0.000	0.002	0.002	0.005	0.000	0.006	0.007	0.006	0.007	-0.002	-0.010
SN30	 Default 	 5/7/2015 	 12:10 PM 	 293.00 	  5.860 	  2.947 	   1.99 	   2.33 	  50.00 	  230 	  2.519 	  0.051 	 Measure 	 USB2G24694BA582 	 0.992095/0.42/128/24 	2.773	2.712	2.689	2.646	2.613	2.568	2.551	2.532	2.507	2.515	2.519	2.519	2.529	2.565	2.622	2.689	2.798	2.941	3.077	3.320	3.540	3.656	3.829	4.035	4.206	4.417	4.595	4.705	4.861	5.007	5.101	5.217	5.339	5.423	5.551	5.629	5.703	5.806	5.851	5.855	5.860	5.824	5.788	5.719	5.591	5.476	5.297	5.126	5.012	4.866	4.724	4.624	4.448	4.278	4.100	3.975	3.768	3.534	3.369	3.140	2.947	2.820	2.609	2.396	2.262	2.078	1.893	1.760	1.556	1.380	1.212	1.091	0.922	0.772	0.682	0.553	0.459	0.406	0.338	0.282	0.225	0.195	0.156	0.125	0.108	0.077	0.061	0.043	0.042	0.033	0.024	0.022	0.021	0.025	0.025	0.026	0.021	0.022	0.020	0.019	0.018	0.015	0.010	0.010	0.006	0.007	0.006	-0.002	-0.003	-0.007	-0.009	-0.008	-0.006	-0.007	-0.004	-0.001	0.003	0.008	0.004	0.001	0.000	0.000	0.001	0.002	-0.006	-0.002	0.000	0.000	0.004	0.000	-0.008
SN31	 Default 	 5/7/2015 	 12:11 PM 	 321.32 	  6.426 	  3.337 	   1.93 	   2.32 	  50.00 	  230 	  2.765 	  0.085 	 Measure 	 USB2G24694BA582 	 0.992095/0.42/128/24 	2.997	2.961	2.921	2.866	2.791	2.761	2.774	2.764	2.756	2.761	2.765	2.787	2.809	2.853	2.919	2.987	3.096	3.238	3.389	3.650	3.879	4.009	4.197	4.425	4.611	4.856	5.062	5.179	5.354	5.514	5.609	5.744	5.882	5.968	6.093	6.198	6.270	6.396	6.441	6.436	6.426	6.387	6.354	6.270	6.127	5.993	5.813	5.651	5.536	5.381	5.231	5.124	4.945	4.764	4.569	4.435	4.211	3.961	3.791	3.553	3.337	3.192	2.958	2.729	2.574	2.361	2.143	1.989	1.767	1.570	1.371	1.231	1.040	0.873	0.775	0.635	0.520	0.460	0.383	0.313	0.251	0.214	0.167	0.129	0.113	0.079	0.061	0.048	0.048	0.038	0.028	0.023	0.021	0.028	0.026	0.024	0.017	0.018	0.015	0.011	0.008	0.006	0.003	0.002	-0.003	-0.001	0.003	-0.002	0.000	-0.003	-0.002	-0.001	0.002	0.002	0.003	0.004	0.008	0.009	0.004	0.001	0.000	-0.001	0.001	0.002	-0.003	-0.004	-0.007	-0.008	-0.007	-0.012	-0.018
SN32	 Default 	 5/7/2015 	 12:12 PM 	  45.65 	  0.913 	  0.477 	   1.91 	   1.89 	  50.00 	  230 	  0.483 	  0.104 	 Measure 	 USB2G24694BA582 	 0.992095/0.42/128/24 	0.684	0.616	0.598	0.555	0.537	0.484	0.492	0.480	0.470	0.477	0.483	0.478	0.477	0.477	0.478	0.488	0.498	0.515	0.540	0.568	0.600	0.621	0.644	0.666	0.695	0.719	0.746	0.761	0.779	0.801	0.811	0.837	0.860	0.869	0.886	0.896	0.908	0.916	0.922	0.919	0.913	0.910	0.906	0.898	0.882	0.859	0.833	0.804	0.794	0.769	0.749	0.733	0.705	0.683	0.656	0.640	0.603	0.567	0.539	0.506	0.477	0.457	0.421	0.390	0.368	0.341	0.316	0.297	0.266	0.241	0.216	0.200	0.176	0.153	0.136	0.112	0.101	0.093	0.081	0.071	0.061	0.056	0.050	0.043	0.038	0.028	0.021	0.012	0.013	0.014	0.009	0.013	0.016	0.024	0.021	0.023	0.018	0.019	0.021	0.016	0.015	0.011	0.005	0.006	0.002	0.005	0.002	-0.003	-0.006	-0.005	-0.004	-0.003	-0.002	-0.007	-0.002	0.001	0.002	0.004	0.000	-0.001	0.000	0.004	0.001	0.002	-0.003	0.002	0.005	0.005	0.006	0.001	-0.007
