,Cycle,A1,A2,A3,A4,A5,A6,A7,B1,B2,B3,B4,B5,B6,B7,C1,C2,C3,C4,C5,C6,C7,D1,D2,D3,D4,D5,D6,D7,E1,E2,E3,E4,E5,E6,F1,F2,F3,F4,F5,F6,G1,G2,G3,G4,G5,G6,H1,H2,H3,H4,H5,H6
,1,3636.33219612041,3791.30379743597,3790.99882068137,3632.48427687385,3627.6531960921,3638.99731056297,3511.33988532686,3891.09582274621,4009.83834211899,4080.09787832172,3833.31831333643,3786.44998318469,3579.79536683809,3641.53298949257,3951.63242629094,4402.90087487337,4046.37127908996,3921.46444223763,3673.11724502672,3711.2732797399,3481.13693701603,3878.81320314471,3948.55344475159,4016.0268189666,3798.7276294932,3836.54308313524,3938.31905232885,3706.93063262487,3763.80480479659,3944.03863681167,3954.04294493102,4005.45874094852,3808.3612929702,4081.23069943981,4002.34055551225,4305.92857760482,3946.35405575509,3958.18238036974,3792.73837260204,3793.00867966664,3683.54710926108,3825.23492154573,3783.950350284,3712.36377803397,3623.30244243115,3689.13523546203,3497.00772083878,3533.34256084915,3606.44511596167,3691.63485637961,3700.46999186139,3568.42597155631
,2,3690.32075713143,3800.97252945599,3790.3621775844,3636.27112490405,3626.46833755866,3645.4939686052,3532.78520404052,3936.04986854913,4008.04875639849,4077.81648389889,3836.16078992955,3785.87408414417,3584.83720858568,3644.17286683032,3989.09953182861,4403.32104482176,4038.93050745128,3917.09590556774,3671.58783641679,3707.59272137361,3477.82088571562,3901.31770950601,3948.41472617756,4013.09475770832,3797.89179768106,3836.44862324417,3931.37105670378,3697.82622629662,3785.69020971235,3946.13494616977,3951.28759177113,4003.98816004094,3808.71444096651,4075.2672557915,4044.40898478163,4305.92464591132,3941.46410289201,3955.57457396815,3797.46812364138,3793.79257948737,3713.13534840067,3816.82617965771,3782.37729781741,3717.69052832543,3616.68314867116,3686.86251541413,3515.73616645472,3551.75388534251,3636.36224812521,3709.2850920561,3712.57966015933,3573.55828690978
,3,3724.53975099474,3804.94510973354,3791.730486224,3640.05871482101,3631.09536878731,3644.39918111072,3547.32938142488,3959.26743988671,4013.43289861217,4075.18551262222,3834.67753303765,3788.52220886471,3594.5678728003,3647.65957210238,4009.49021698345,4398.7217859137,4041.48916099699,3922.23686557058,3674.52519119178,3714.3502372115,3479.72680547279,3923.45422692938,3941.96561647927,4010.24495355152,3797.07453577082,3839.23423947839,3937.75772536649,3699.62112341162,3809.10581188805,3943.19730478775,3946.74723588659,4000.96381594169,3816.14230273738,4071.13487669121,4093.29218089393,4304.03504933723,3937.99788284799,3955.6900191469,3795.68272773413,3782.04406429234,3732.13073377749,3813.81959368104,3780.42553283576,3720.39742896304,3618.92301312668,3687.77314879507,3554.96754420791,3568.02253013551,3650.46325338564,3720.76391920061,3717.15831240052,3580.06594095679
,4,3735.30168128067,3811.55744249547,3790.87847677196,3636.92786754868,3626.71727439308,3649.97221092955,3554.14534354019,3979.34325190533,4009.17240395928,4075.20701957546,3833.69569118489,3792.80926220848,3595.52266365979,3654.15769530993,4030.87325311801,4399.46337703846,4038.17063920895,3920.03318513509,3673.24716290935,3716.12142315736,3483.33055283777,3936.72116364909,3941.44615134778,4005.58652638701,3799.05219246805,3837.97131702534,3932.94248393451,3696.54477840085,3838.83171677188,3942.4012167782,3946.9732281741,4000.75008317187,3825.69204609309,4072.24160836567,4119.53581222624,4300.44360331569,3939.6737142653,3957.46239148782,3796.90522064697,3794.27118743893,3747.85170904148,3816.52044065734,3781.58470452486,3725.95897060262,3619.66969362224,3685.14963151037,3545.39975981631,3574.35611401528,3653.74419646064,3726.65990120112,3716.39051898842,3587.95402995372
,5,3743.16631417826,3815.93464917828,3791.39717821957,3642.61740997954,3633.05227300354,3655.65316330303,3562.9937652724,3984.94138372702,4014.31876360217,4073.14474569832,3835.88038344084,3787.58512868995,3603.91693690116,3661.94992524133,4035.5116496477,4397.42874336879,4036.61296473261,3916.22156426141,3675.3986631693,3722.20368866638,3483.03691917615,3949.24152197067,3943.86616550466,4007.78926982081,3799.18443251526,3841.12147332266,3935.36620301177,3698.59080158886,3842.62369157825,3944.08127831032,3945.97731596569,4000.60323175039,3827.08893485533,4074.08382019208,4127.89598416239,4305.8137958138,3938.58043311965,3960.4675470816,3799.47534788036,3796.42131541911,3760.53835308349,3817.41394923547,3784.45264064511,3724.86696744741,3621.83252776853,3691.21836385029,3557.18211943023,3581.30895178759,3654.58274500735,3728.48792830922,3722.21803292386,3586.20942279913
,6,3748.82010785573,3816.7042569756,3790.69671444141,3642.63442083304,3635.34520276979,3659.41206322715,3568.84310565172,3992.76745257737,4009.99690109962,4075.5546518118,3835.98037560879,3791.40629649735,3604.86468404959,3666.62312526589,4046.38125304492,4396.04273874749,4041.90748160342,3917.95402521779,3677.01338724879,3722.6852149559,3482.95040646358,3957.43765737903,3944.52661834916,4008.68114293388,3799.12546572083,3843.31533221328,3933.21567120006,3701.46732776649,3864.78517614158,3941.57554714336,3943.75343707105,4001.40274166148,3829.84836643021,4072.65348438185,4133.75460751364,4306.05271173639,3941.49152742284,3962.31487476549,3803.65347917121,3802.76715478664,3772.11313727639,3813.79938377456,3787.5080269044,3729.04676087754,3620.71660900892,3695.64731840814,3567.83686315549,3588.61368475301,3655.25549397139,3731.62451548813,3727.1396722038,3592.53419240265
,7,3755.62255353334,3819.75366057532,3796.79531023777,3642.62007571736,3638.00621465297,3659.0187515886,3569.25130768274,3996.83406886999,4015.54052424264,4076.37816503629,3843.92088102365,3788.95788196862,3611.71940397283,3672.8444876406,4053.53625937948,4399.81699193437,4041.80281221707,3917.93255162225,3676.96991524012,3725.96775623019,3484.96738893713,3963.98895862961,3944.74939022034,4006.89449867392,3799.17233695748,3845.62207494332,3931.68055973105,3705.66957907329,3863.18987166991,3940.35865929149,3947.32435007795,4001.71093683344,3830.23647990506,4076.0524648599,4139.62767603796,4303.97827792441,3945.29861714964,3968.39353426973,3805.22455464648,3805.2529295676,3776.83010265365,3816.9345673732,3784.03583657361,3732.30841711669,3620.51566358162,3691.58254048507,3579.83654684093,3592.02269789132,3655.96061913507,3728.52674278217,3728.52826498325,3595.85588165829
,8,3759.97948656584,3825.95820338319,3799.52377347681,3646.79218069974,3637.87907577212,3660.46190368716,3575.08852853807,4004.13151680798,4014.96723914443,4078.95200917317,3843.2877198218,3792.38137431105,3618.32184948166,3676.28915986924,4057.79903412405,4396.79636237929,4043.15012727903,3921.25581257764,3676.87094678713,3731.0556039159,3487.43017291303,3971.17142935258,3947.81243788787,4007.30943733637,3805.0046970073,3844.1011250029,3938.17485081229,3711.18758818055,3864.7277976563,3949.84932733049,3944.79495373227,4004.83755704892,3833.44465773829,4080.59374636256,4140.71306853938,4303.57988820895,3940.47407592207,3964.45826340623,3810.68191935242,3807.9411388041,3781.21024210936,3819.70080553733,3790.637603859,3739.37785599719,3620.07207297985,3695.85092535819,3588.37140711801,3599.64569734629,3661.20858244475,3732.11043342007,3728.98401647436,3594.69180519553
,9,3763.65682923749,3826.50699244992,3800.57011306269,3648.89759770342,3638.16769057361,3663.3505640799,3574.69386045264,4003.68026942425,4019.90015082895,4074.67510456579,3844.05202703278,3801.60343379851,3624.9928017271,3683.74215519324,4059.48444724823,4401.30272641508,4041.81279002182,3921.32436881291,3678.5080765958,3731.47211427809,3485.16921200785,3972.68067209913,3945.80851827856,4006.2089144469,3804.2473215642,3846.86720240438,3932.16361983948,3717.23790066139,3867.60633531452,3943.70686804232,3947.29726983838,4003.58774038634,3834.28242215442,4080.49139836428,4145.42209925827,4308.3686850444,3941.16114255108,3971.90758625212,3822.6778088197,3811.87270474722,3784.95034693536,3820.74966208149,3790.1044348251,3745.95414255876,3631.96181450858,3695.5929194864,3593.18621324442,3601.94564931996,3656.8485438936,3733.50022921803,3728.99813549583,3595.28553632453
,10,3765.65496560722,3831.61416545413,3799.22335719213,3651.66989349905,3643.93575542666,3664.55393345379,3579.18188807734,4007.80030885608,4019.48744703329,4074.3682786003,3844.60634428712,3801.15609961903,3630.82878361459,3686.32687061119,4065.53582595115,4403.68955128395,4040.75597836011,3924.42004773206,3679.23770977406,3728.93103433948,3491.31258873855,3973.48460572964,3946.95863377449,4007.92614728733,3802.2130840265,3852.25973976164,3937.77987703445,3716.47282130293,3869.03071935447,3948.86437798446,3945.95204778673,4002.49322412265,3839.86161009845,4083.5095812842,4147.60014646411,4308.01708810915,3948.95342426469,3970.57508198442,3830.78235738862,3811.62865984227,3788.67685020067,3821.98198908711,3788.97160956615,3756.19475649488,3631.68689478062,3701.38462555195,3598.89447231696,3603.74100460085,3662.8499736572,3733.86055641388,3729.41847210725,3599.82793583147
,11,3768.40396490537,3833.64914383881,3800.22281355827,3653.97471826132,3645.33808157169,3665.65580465681,3578.63776003085,4007.87581619915,4023.53496175889,4076.14545515946,3844.467168965,3803.23254700786,3635.26101258707,3690.61504684667,4071.90663978832,4403.58973911833,4046.12474155822,3924.12697133033,3681.81574148457,3731.88487256398,3489.22508918957,3976.74615569636,3951.94893941192,4009.48908369268,3810.06330804308,3852.33393045694,3942.89307135555,3721.96025043827,3868.86748315544,3946.78346086206,3945.21695325947,4006.14934403568,3838.15387240954,4084.67709214776,4148.62232660022,4309.8833724303,3949.8051844552,3975.78147885887,3832.30624395173,3820.18180589,3791.35763025647,3828.44308354607,3796.55484928965,3759.63203435037,3634.85359240309,3701.54874017091,3599.94434059296,3601.74520201351,3660.58833182057,3734.00099851983,3738.22106178538,3600.14316327568
,12,3773.23418670947,3835.90695061612,3804.07152354986,3655.60026040523,3644.07704058971,3668.1440891687,3587.14191899311,4013.33267939532,4020.27459505821,4075.78862029657,3845.61504906272,3803.11214026784,3639.37438486772,3692.62887780743,4069.14747368099,4398.74504938415,4040.92499496113,3923.98139439004,3680.08341574094,3736.48083688283,3493.0692748603,3982.01582655218,3948.24466947801,4009.60475246131,3811.30485002299,3856.18560449573,3938.95053480164,3722.99924093843,3872.38961255307,3945.93835909123,3944.83489861712,4003.04087023922,3842.9441123802,4076.59175836827,4150.96237593451,4304.90470707696,3953.8514157024,3977.34440342748,3835.33519355915,3816.51546768852,3792.61914073755,3827.29155864153,3795.37707353177,3768.05336969964,3633.65181987173,3699.59076934305,3607.8846157901,3608.7376508543,3665.76193044672,3736.38059329077,3732.35874193885,3603.26312760082
,13,3778.53863453799,3840.32831246883,3806.60731825391,3657.57460821736,3649.27781055094,3674.79301393627,3587.54498779484,4017.93277879473,4025.23801024628,4076.20473885291,3850.14138122255,3806.86813008528,3638.34560768029,3698.17141887546,4072.81513268297,4401.25031064645,4045.37314399787,3928.1749764772,3686.98845871821,3738.32195327941,3498.51609441799,3977.77616536019,3953.49831790546,4004.34454695173,3813.39504157681,3855.33961820262,3940.15397990432,3719.9743970632,3871.17210849773,3948.39641268004,3944.64473053354,4004.4434609145,3843.36359704707,4081.95135804657,4152.20209940759,4307.32828561097,3950.92809061469,3983.01242033423,3835.08456184076,3821.70449214261,3795.70024484751,3831.48737477282,3793.2449735003,3773.66250456333,3640.35092011026,3706.47872293231,3609.40252153361,3607.15170847093,3669.5860442526,3737.62852597532,3737.74198598081,3605.97411161192
,14,3776.8694612616,3840.58193633857,3809.40930938649,3660.1077098487,3650.50667185526,3673.97345683436,3594.24120821924,4019.19565909804,4026.24133965229,4079.83508895909,3849.33751406537,3807.99641528755,3641.62044039041,3704.65047022294,4078.03599292864,4403.76460878135,4040.37684371777,3927.25983739067,3682.45227838192,3736.43944494335,3498.38201563595,3984.16076471043,3945.72344431908,4010.67373949817,3814.59861886928,3859.05545808291,3940.30176075143,3725.80582383761,3877.32459737287,3953.82945410026,3951.35636266097,4005.30778425963,3845.36945703737,4084.51830593115,4156.61549348285,4308.95786281384,3951.0744485416,3981.52640376204,3834.84857369951,3821.34946516783,3801.70324708736,3833.62988114385,3793.01904162024,3773.24790754261,3642.95160526763,3709.49879636928,3611.61471683532,3609.76783278206,3663.53854243934,3734.92699305453,3737.60793501477,3606.25276022647
,15,3778.87260373187,3843.29065844448,3807.26182823795,3660.57617948902,3647.32726692491,3677.17480103882,3602.22596164004,4022.41824966206,4025.18583457351,4077.8459978952,3853.36157230734,3809.74139112337,3639.65204692478,3712.49126134627,4076.75436739115,4404.8274057329,4043.47065722786,3927.75482766795,3685.97909564693,3742.86957028998,3505.50234871428,3980.59220753387,3953.26628625207,4011.98438180643,3816.11249981163,3857.01938602544,3944.23605854041,3728.33605916937,3870.90504497172,3950.31164655704,3946.92550211847,4003.42121430505,3849.53340012539,4085.75464006506,4156.79134233518,4309.57799632426,3957.49132244533,3981.55865086481,3841.29811052064,3826.26603223918,3801.44786330449,3834.18195118302,3796.26298403975,3780.51520216464,3643.77650238971,3709.51603175075,3614.04656299939,3608.76506334396,3668.1043872233,3736.76517456293,3741.93860282757,3608.243438823
,16,3777.21554847241,3845.38079591528,3811.54796902661,3663.18166012034,3655.48678828484,3677.09464351684,3605.2339120685,4024.18569884216,4028.74099423564,4077.18389411802,3853.48771143944,3808.60109381132,3641.05593392823,3710.70958801403,4077.99322233312,4404.11055831896,4043.07347140767,3931.23279738854,3685.84291223674,3743.81638416299,3504.95038765556,3983.00407063772,3948.62331064308,4011.0828442806,3819.72115179431,3859.40211838651,3946.35840138336,3726.79347564726,3876.08298932683,3950.76009796431,3948.70045080239,4007.71685138701,3849.36023983533,4085.62824588098,4159.96846139303,4308.60833482243,3956.75735712896,3985.7008301325,3841.50920264867,3828.67718930359,3802.48896877737,3834.64558783384,3801.14562489438,3777.46323832304,3647.86590544112,3710.67983732865,3614.67617619372,3612.02836973929,3667.3157837661,3738.66391853172,3744.42326038074,3610.92901013769
,17,3781.15161111099,3842.71012873219,3807.15738072324,3664.4614353387,3654.8646928686,3683.14949556919,3610.59323957655,4024.583168817,4033.32795946505,4080.71229454716,3853.66043479475,3810.37671665978,3639.5979687523,3724.6491572751,4075.79756765394,4405.94743515487,4039.31689866004,3933.41248462663,3689.86083662112,3744.40765473983,3510.46651865923,3987.37678334892,3952.61916690116,4012.8207605411,3816.80428780233,3860.36125087157,3944.79999884247,3728.21092861611,3873.50227268363,3953.64179049766,3950.28987136525,4008.86175543683,3853.33987743073,4091.93856429543,4163.48665515787,4311.04750716165,3958.44163728842,3987.15867896359,3839.45145287043,3832.75488111248,3806.52362561205,3832.10917314991,3799.99939796811,3777.56635692897,3645.86512016549,3711.77765061886,3622.00290269446,3610.55817337598,3666.06094313083,3740.07955188872,3744.5999641663,3615.15908903274
,18,3783.03505628459,3848.29556461485,3808.47379151899,3663.66386540979,3658.16797916372,3683.27821898335,3617.57999287224,4027.39588815598,4033.27549659975,4080.46769019303,3852.38208353382,3816.90995921952,3641.51886490489,3728.31284976783,4079.65578958201,4405.2599597424,4043.87514235539,3934.48069593062,3688.75180725719,3748.88093535122,3511.86714009278,3987.95393483574,3953.14478146599,4008.07294536036,3823.57167835696,3862.98431848911,3946.86191872919,3731.39350754969,3879.78800778999,3953.09328059132,3948.14068418216,4011.65028351568,3856.50742940176,4092.00965004952,4162.44231336197,4312.9047396906,3960.43219830996,3988.1350444753,3842.63330412709,3832.81458430395,3806.88109330336,3834.90131633173,3801.58954822806,3779.77042276544,3646.53938497476,3719.45005003065,3620.05767300866,3614.31894330992,3670.2825673758,3738.14329875107,3741.74467960769,3616.19082928355
,19,3786.22686168864,3851.84290288258,3809.52436469266,3672.02106862372,3656.91298287835,3684.78681480697,3619.44429389408,4028.62460416526,4036.02177915437,4081.46999588408,3856.32395694032,3811.49520356996,3646.61974841534,3734.8741644072,4083.6181090193,4404.33947283587,4045.52683018989,3932.04788131831,3690.01628707625,3745.76748775692,3512.91115052256,3989.95263117336,3953.58654802404,4010.7086999059,3822.64132735266,3861.93784595657,3945.96759435469,3731.31834492164,3877.73992325745,3954.0599410934,3946.26929832936,4009.07634123969,3855.32351052499,4096.05929721926,4165.73612626435,4316.52158252541,3964.17231511906,3993.29434986867,3842.83146171125,3834.77211033829,3806.29920153838,3835.23572416468,3800.46769744931,3781.6431538585,3650.15104433699,3721.70408686753,3622.3078634799,3616.66166510262,3667.93253351616,3738.95865707274,3741.83085958834,3618.30396954252
,20,3786.03135422497,3853.65381498199,3817.38777937235,3671.97007800945,3659.72753266009,3688.22017780388,3620.81353875583,4032.38077458179,4036.6175127559,4085.92161253646,3860.22185042895,3815.73253044408,3647.18799620049,3737.01560811212,4088.48823923329,4405.59966746131,4047.39992824911,3938.25096709466,3690.44733041383,3747.08435469482,3515.84488217368,3990.58369826683,3954.56146039949,4013.86560147246,3825.60089443294,3865.82120539135,3949.84973714854,3736.85664145444,3880.85339135315,3956.85312073436,3947.67995978841,4008.0904284328,3856.62133504754,4095.35782222096,4163.1943494269,4315.95892703522,3963.7160820145,3998.37527002589,3839.53032120641,3838.82850714464,3811.47489207074,3841.57745656189,3798.65063210739,3781.39000738188,3653.1143129897,3722.7190640798,3626.34868818167,3615.75910058278,3670.40254770139,3739.77803281475,3745.35253475875,3615.10695652869
,21,3788.18759452252,3851.84491436317,3817.66094973776,3671.18482141712,3663.10954737895,3688.90914281931,3621.68289121192,4034.93138599096,4038.26974289214,4086.4060757108,3858.3320711148,3816.92528939283,3644.29468902536,3741.67215661787,4081.13667409855,4407.89035273131,4046.88197555607,3942.53812206071,3691.60985908552,3753.03371615689,3518.96938682045,3991.31008594451,3956.69292277049,4016.62320499209,3833.69174782191,3868.60393240494,3951.7479700184,3734.83311763459,3883.68514240399,3953.50890132699,3953.87200053309,4013.14664620859,3863.60728049998,4099.57703865442,4163.29367819702,4319.81836378473,3968.55751095047,4000.52522949699,3845.83903147538,3840.98233902313,3811.35498607369,3842.14976022365,3800.86361648568,3786.24381334393,3652.77997024532,3724.64579786846,3629.54702362339,3616.53418150675,3673.86550832537,3747.40674145195,3745.88416532156,3620.38183600177
,22,3792.2962707827,3856.46324742728,3827.62990497211,3677.68499753056,3663.40851241986,3692.66646991613,3625.08180073447,4040.19620879672,4038.9712202236,4104.61127180726,3861.75072177813,3817.02649381877,3647.57661315214,3742.19587564602,4093.41989857184,4408.68504992191,4052.81232682442,3963.20093663916,3695.69125197571,3758.85247340125,3519.46856391031,3996.65460649611,3957.99332338356,4019.12060991423,3834.76407814904,3869.55063083117,3952.22224521377,3739.53765619375,3891.18757695561,3959.87279500946,3955.37532289392,4013.75623245273,3870.57399142389,4105.65479216758,4164.95986040085,4319.30833175883,3977.36398523338,4006.84892603004,3848.40621918905,3845.97765410324,3815.13340894829,3839.7697344739,3805.33243566498,3790.19188209871,3663.60740562045,3733.70836842184,3635.3767697191,3620.18705283074,3675.32101820703,3749.47935507426,3747.71656080958,3617.92688200196
,23,3799.20844483344,3858.86272940548,3838.85605666699,3686.94264871208,3673.32873136843,3699.21897959631,3624.94502511275,4048.96170856615,4043.98692553048,4128.78320624585,3876.40128669242,3819.92446503505,3646.29997977266,3743.20293943329,4097.14544717705,4412.48461364228,4062.42306157185,3981.27655279307,3696.4600526409,3759.65512950959,3521.90970194068,3996.0376300353,3959.64803477035,4033.43213953089,3840.0111851733,3871.96558003554,3957.52146954624,3740.86936287616,3901.508980596,3968.22921523924,3965.08678604699,4025.33170322091,3879.24390870127,4114.82877601328,4170.88032564709,4320.80654338502,3984.67955545581,4015.22555107391,3862.16242874658,3851.62412116503,3823.90191915717,3845.44015769988,3810.39431014945,3794.06767477821,3669.92092475567,3735.62968827416,3650.42296981027,3619.05325455615,3680.35999919188,3756.99553547334,3749.38006447996,3623.22538158648
,24,3807.30825390363,3865.43529255601,3861.52215518286,3698.85233928312,3676.65357619931,3700.86175842136,3627.84959937131,4060.80320157013,4049.29659045113,4175.92177131913,3889.72893446006,3826.98552908943,3647.50751581813,3751.38918768453,4107.93851852576,4419.2112522191,4078.43739047255,4035.51399360814,3701.78420370611,3773.07264995772,3523.62567584788,4015.3482528845,3966.47590924994,4050.19400086481,3857.88243184915,3877.73852369043,3963.72832037931,3741.28731150529,3921.60394464759,3973.24550897308,3980.97341994293,4041.42201568425,3896.76403848327,4131.61258674672,4170.89861708039,4329.90821313475,4004.45715297287,4034.86751609109,3882.13639778821,3861.17881133521,3845.20637617783,3849.06261635591,3813.28225235767,3807.10812050163,3685.70132558941,3747.10733417634,3678.86181791812,3622.36589188813,3689.95928753795,3769.38767915292,3754.44034471401,3626.5820273228
,25,3822.6533374831,3874.10823219263,3901.82691857629,3725.20274076533,3693.32776062064,3713.89088691737,3631.70174184571,4080.79028056488,4062.03100941965,4267.55503988712,3919.75390102357,3830.24206006993,3651.48155511793,3749.04944456429,4126.22321028869,4433.04609527902,4112.72022005242,4136.27244336041,3715.06466592685,3789.26031927686,3522.26899442561,4036.55476340778,3975.26763464338,4093.92128962666,3873.0073155331,3881.20322114588,3972.1311530668,3744.98396114738,3961.04982681004,3985.88429250213,4005.47762003421,4072.50471767851,3929.82440424288,4162.42209162761,4170.91517589714,4334.5854320383,4033.66427101796,4063.27235058163,3917.99728941247,3873.08512754347,3877.10839009672,3858.35556493051,3823.15847716185,3826.47393287137,3719.64883180164,3766.15321604875,3731.33782323063,3624.4980184659,3707.67463975319,3790.01724854711,3763.79354162203,3629.0505073143
,26,3852.00917784338,3888.1666470839,3978.88294301759,3778.18713539512,3725.98904546214,3725.39207051098,3632.3047057612,4130.35288361784,4081.86867771655,4453.75451427056,3980.84194253086,3836.38920137302,3660.25591186729,3756.10067560333,4160.81790056074,4465.29757988321,4186.68439186915,4327.41942781538,3730.94474930824,3830.75006549519,3527.3924847469,4084.26274547103,3991.8226996019,4172.37436609372,3917.78732830901,3892.9739935056,3989.00470043784,3746.10548568004,4041.85549336752,4012.52496304636,4059.6100028115,4133.7982935517,3993.35023781866,4222.0509560288,4174.52903221232,4353.41888699335,4097.78721618743,4131.67037923754,3992.07235500067,3907.20428929178,3943.41151161785,3870.18406946593,3843.362530825,3864.22137571884,3786.27091640794,3803.25714902821,3830.43046996355,3634.31319860004,3737.96263895719,3840.01904137524,3787.04732531004,3634.91518128644
,27,3906.88548008593,3918.25269659403,4139.55230477073,3877.02043269038,3779.59729904162,3763.32549928656,3635.59680064735,4203.54323935775,4125.55034601948,4811.61385822669,4096.2849120156,3854.99879602557,3661.39393658263,3754.54466445883,4228.80626890541,4521.74661586422,4319.04384822821,4698.13691101819,3766.9680477284,3902.38354737203,3524.35415888488,4165.29817748975,4022.45636427053,4328.17968854826,4000.43475607246,3915.38181228961,4027.4073219342,3746.17879009755,4199.64707400667,4066.6213757261,4167.96974998743,4250.40837743492,4120.95381860086,4330.59125642612,4177.40165166498,4387.52315244064,4226.92889046404,4255.44649448373,4134.99374385482,3962.37215429862,4071.09432641739,3897.5488184206,3873.93986041605,3943.93146395684,3916.50257282278,3880.2124041881,4025.58347802455,3644.69596979213,3808.39572912919,3933.12667082703,3817.00268327533,3644.59088898475
,28,4018.83182110095,3974.74067656308,4441.51129300691,4068.40028897863,3886.03106332415,3826.18495325695,3636.83815629704,4371.60225080188,4201.23771264288,5480.03075341707,4322.36063032433,3883.71464358004,3679.33549561847,3756.40366628345,4365.85160129642,4631.78064283976,4585.25575165911,5394.49039850155,3832.1194849718,4043.31584005684,3527.5605905629,4326.5128116788,4087.73855068243,4633.57518556152,4160.86314277483,3950.90490233064,4104.01636901646,3747.79978089803,4504.55709037375,4167.29874508605,4380.5902986391,4498.46037785735,4365.98434488084,4533.69127181445,4181.6052086136,4453.78580811387,4471.16902889169,4500.45681099751,4411.49527429942,4066.31266958536,4311.37602464344,3952.27187605653,3942.58185334764,4098.64781739956,4164.88389281404,4022.04891477423,4403.57322506084,3664.20066600521,3936.09363245867,4108.6843340255,3888.84179764241,3658.22245533398
,29,4236.61660227617,4087.45747829114,5025.41996075409,4439.80879225064,4093.39112319047,3947.48154570187,3638.76867813755,4686.51604085199,4356.21544064288,6669.08382317916,4759.38165610322,3942.93941429008,3699.3645100273,3760.21786456847,4635.56800258561,4848.0143727429,5092.17020804453,6619.95622728949,3966.91834683677,4319.35330684398,3527.24351557239,4656.03017614303,4212.69810678334,5206.44724401256,4470.56384534502,4025.25587820232,4242.24207344504,3749.48917963367,5083.67061335611,4365.97907500424,4793.79342894079,4957.75246879051,4826.56113111003,4933.00560265061,4191.63546495401,4583.7423957648,4940.53030951077,4974.01526467898,4940.69999238144,4271.20240248946,4778.74348096834,4049.90999984959,4070.22564883057,4390.07533874249,4634.67200995703,4289.45263419381,5094.2681258094,3699.98114965515,4190.58271342231,4442.22331601903,4022.2546910795,3678.86773100676
,30,4659.96645521677,4297.02144449543,6060.69946856008,5126.59484424465,4482.05706001878,4186.26575876237,3646.07442590812,5274.15277567132,4653.1850689234,8574.57283772492,5569.88752911721,4050.66605664494,3747.78320222316,3760.49024373722,5142.0952166941,5255.52224494488,6013.5909325122,8535.09352420809,4222.21768802868,4842.44429335854,3531.33674179973,5263.50100863286,4454.70257051067,6251.80324249091,5058.45376205672,4160.25019420886,4520.76512028258,3748.48890011434,6121.05519520427,4747.39825141584,5557.90296277666,5801.26780013342,5673.84474767136,5664.25151487416,4213.94969045084,4835.08250798168,5788.87002952964,5815.1774885744,5879.35133874263,4668.25371795112,5627.29636634262,4246.2026075962,4321.81748802036,4941.19566522487,5479.12572037518,4807.17153227719,6276.43186811149,3783.44474528469,4667.50153910548,5083.5526714745,4280.70435746471,3723.70034621037
,31,5428.86127781328,4719.45516102453,7750.61621045556,6322.14019240237,5206.88418539678,4633.30928473106,3642.18370215293,6337.31180377699,5218.64776625197,11109.7911023827,6962.12447987751,4269.24008745747,3835.99382339423,3760.90823658517,6077.91221407033,6044.64482326856,7565.45486704045,11015.5294624949,4704.79060809403,5775.36494586065,3529.57272277544,6371.87477118846,4925.57049810866,7991.28118190599,6107.50336251703,4435.45093843518,5050.61786853657,3749.84807340605,7826.74369207991,5470.25659240125,6885.79936802742,7255.37788400567,7109.40919568068,6945.44235184926,4242.81262945299,5320.64892861719,7245.07991913822,7249.94415564385,7442.95809512254,5391.10810375917,7080.15892123857,4628.59735159158,4802.15874655133,5929.55068917999,6862.78686008948,5714.75618147659,8063.26941551224,3937.35294160607,5519.33770171189,6192.26609762926,4777.33402433351,3806.28776120937
,32,6752.44621454901,5487.23184677719,10067.7265582528,8160.93990496456,6456.22972587736,5452.06220979166,3650.39155977532,8092.07957080488,6247.85265307192,13849.3954749721,9089.37690140438,4684.28718264984,4009.84769462429,3765.3770246668,7655.7002118556,7426.75323248309,9816.09899926742,13627.8833644642,5583.15109144792,7269.3590064119,3534.68240499979,8212.19711970702,5785.72229005149,10454.0982756527,7839.95743888245,4952.18462427294,6010.92831528206,3750.48767527368,10204.1362491168,6757.97088097305,8932.32422357344,9451.36899994535,9195.35864032822,8937.13268345087,4307.84482321366,6220.82484671613,9394.81104726702,9340.17579255021,9618.65764177996,6634.48015577881,9210.92659569196,5331.69946598632,5671.09040309646,7532.718097917,8773.14887670335,7179.529007905,10234.2865881127,4227.02433925228,6919.77692079351,7907.50090465869,5665.5167668778,3968.12007190424
,33,8752.17451563303,6852.48666969864,12611.9414099421,10470.590582637,8328.71543821154,6800.02938727891,3652.40143037842,10533.4668916811,7965.1695876325,16334.9462117712,11739.6979250611,5453.24135081799,4338.28563811797,3768.67820412634,9996.30722845335,9651.60036331313,12468.3838283821,15942.0460209498,7030.33946252743,9315.52690479556,3533.60284637839,10802.240969054,7266.58294527418,13301.0400830365,10249.1415515345,5890.54375813918,7618.66635610984,3752.01472883722,12879.1769965658,8871.72698061895,11536.9545641481,12170.042592493,11672.9614496787,11487.1627013704,4435.98683383259,7792.42813850714,11990.373417323,11832.9104821182,12092.3933579752,8502.06371580951,11750.7538611677,6565.50489076501,7131.88484220896,9716.38203671115,10922.2800886484,9150.86889135625,12417.0117218744,4783.78426963379,8872.28030661916,10114.3550319924,7154.13740144462,4278.24239050867
,34,11192.3532389498,8969.12616770799,14897.4129526748,12799.9858821484,10611.7341547436,8715.66143690896,3664.23721583955,13272.4432407485,10423.8627739389,18308.4512104144,14415.6444731799,6779.24742920131,4965.95350543377,3765.81691419797,12766.3513950427,12581.3673245677,15044.5352930651,17769.0896667383,9059.75379250022,11555.2160654713,3540.46632097145,13747.6145440088,9484.71797420196,15987.3803526876,12940.4655352402,7458.77275710376,9927.21755419942,3752.38195727693,15318.4003670356,11721.3265637633,14203.1788724532,14918.520082465,14059.001284402,14143.2109362794,4679.07051835758,10205.362121245,14544.3651219365,14272.794351365,14411.536749628,10781.4092663338,14212.9652388235,8485.67768047072,9244.82966210781,12098.2812879974,12929.4724728099,11285.9481238085,14280.328713778,5762.06119461183,11053.9518805558,12378.4673698918,9264.76664577075,4854.35199240609
,35,13608.9782985147,11698.645161518,16706.9553255022,14735.2423799145,12852.7493177262,10907.4568052696,3686.09355625937,15828.0168075379,13260.1571749504,19934.3138838439,16668.7020072697,8807.06106430685,6080.98712792912,3773.30028271708,15491.950421657,15739.8886089049,17212.1190229029,19275.410212536,11366.189436941,13599.0365366943,3547.97877772622,16487.6782683655,12192.0043195598,18218.2991237566,15405.1743724893,9718.97334350259,12605.0367499726,3755.17283676758,17277.8901511704,14598.4037606653,16555.8883649086,17328.3031257736,16069.6769510315,16502.9574188182,5150.46601176917,13259.9176519172,16756.2760486791,16374.4567568401,16354.475087707,13039.7198304574,16265.5955651012,10949.926960187,11728.3844142894,14297.0375257954,14617.2353029311,13263.729960686,15774.9987963204,7324.19652367064,13127.3737664592,14404.1565963709,11692.3558821552,5860.67944511574
,36,15576.0838796606,14496.7112252581,18167.0599476206,16251.0669649782,14648.4905453246,12939.840677404,3724.96802084586,17864.4319784946,15909.421089199,21263.0057807389,18449.0060811731,11339.9820726202,7832.90009056817,3773.47541083885,17741.5101378817,18546.9357992572,18965.3090571898,20516.2493465569,13485.1287288601,15253.1074114061,3564.29816750385,18685.9083349746,14854.8491174664,20008.5995193295,17340.4859574615,12338.7725584735,15146.7662680001,3761.4513704855,18808.6270704164,16587.1043192046,18413.0253313758,19269.7293027592,17639.4221334018,18397.9211237581,6004.02228646958,16371.5123801737,18518.8156979573,18049.7059282295,17890.9210219316,14962.6622029965,17843.2801795857,13484.9002512512,14117.5030919018,16058.8444372534,15946.4724829493,14875.766065804,16940.7871929145,9406.24184458449,14875.0864064451,16020.5621410894,14002.4013372455,7425.39283710784
,37,17130.5339009208,16793.6228668211,19376.4275892358,17499.6754357907,16084.9911417012,14556.7451754362,3807.49195390668,19502.4926445969,18019.6191880221,22347.4900502433,19903.3890703933,13897.4651314309,10141.2171718623,3776.43031065914,19514.0158226511,20761.1463612498,20391.9390825313,21526.0920958417,15180.479857099,16583.7983024067,3591.50797960579,20401.2086683779,17069.5100216417,21458.3248742082,18883.7564028487,14837.1258731276,17225.8340865748,3757.44051382249,20047.2569566156,18275.2306993789,19920.3514386914,20838.5086161241,18926.2866350105,19945.4522091154,7482.96149424793,19053.899146408,19948.8037128023,19427.6280873606,19162.3005603258,16481.9754399585,19109.2056324526,15694.2842614058,16140.1825046343,17452.0101697527,17035.5668865247,16165.4091931439,17862.6269188049,11619.898236018,16285.7457548586,17304.7935023264,15938.0088107848,9440.6765595235
,38,18402.8974488185,18577.6769510352,20353.3744426265,18516.1272219207,17268.1769003945,15851.0760093,3956.18920957089,20835.025147891,19699.3801438338,23221.4941578594,21081.2236488201,16029.3000634775,12507.6917669153,3777.87139678688,20960.4818945051,22566.0596452555,21579.5111219528,22332.6944952868,16594.0483971283,17684.9914052923,3652.73076714455,21785.6059689504,18785.2622610941,22641.7167905409,20137.4694658733,16878.3201122612,18869.9376095746,3758.92553028066,21032.4884244235,19623.8481004387,21147.4266539187,22127.5072477614,19965.7565074695,21222.7871685215,9698.76081721063,21166.5670626988,21120.3550989115,20536.5594290776,20162.3412180018,17699.1704119099,20115.0728590145,17422.8467655988,17730.0824903559,18575.8731037742,17904.5735375082,17208.0241452985,18614.9493516186,13626.1106949409,17419.9182717469,18335.984667887,17470.7400742946,11535.9961967852
,39,19439.0248936536,20067.1799846107,21138.8404880172,19325.2428560139,18239.2190098921,16935.9686031692,4249.67531198093,21925.6250919573,21084.9234406372,23922.0649696233,22037.4480332127,17733.1937187443,14340.1298608806,3780.48738945039,22148.2548461131,24053.9475866702,22540.8536668734,22986.0875038326,17800.3435333522,18581.7639690629,3766.34685062979,22903.84643234,20176.3779283197,23605.3183824888,21164.972717221,18511.8155721107,20226.3975655737,3760.93190714629,21820.3468132683,20455.8596404863,22143.7460508422,23188.3954985198,20816.3072777097,22263.4123982567,12397.3770112699,22847.2169282703,22072.4629690822,21464.209436835,20991.7333785527,18693.0935518404,20925.950438468,18794.9380824337,19023.4615148262,19495.8831643267,18616.7764659641,18075.7483221216,19205.2583983339,15248.2312845044,18352.1410940058,19178.9424371341,18717.5522775457,13348.7006987923
,40,20267.9867274876,21266.0767488166,21739.341039069,19925.028557796,19016.5885686532,17811.7484078276,4797.41353865448,22792.1987133594,22200.2013677826,24450.6174914461,22803.158725715,19124.0742048671,15781.3936710389,3778.94337331961,23090.1150031203,25270.1738333483,23312.8573954602,23456.0934618323,18793.4673531344,19314.4553145368,3986.61583076787,23768.4246861197,21302.922691967,24343.4460824175,21992.4355244961,19841.8067344236,21324.757801308,3760.43462638809,22423.6343915146,20842.89405947,22931.5213523921,24048.6492356019,21486.2382261718,23115.8525664544,15064.3260324838,24208.090758665,22813.4158478418,22208.4959517729,21646.6756941323,19500.400607891,21546.2256243851,19899.1196393978,20065.0321582526,20228.4385667238,19191.0692166726,18768.8175226088,19647.9426247297,16517.9479948676,19100.2591996028,19849.1008786785,19737.6336695999,14800.6305682551
